,Title,Runtime,Director,Studio,Certificate_x,RT Critics Score,RT Critic Reviews,RT Audience Score,RT Audience Reviews,Year,Genre,Certificate_y,iMDb Critics Score,iMDb Metascore,iMDb Audience Reviews,iMDb Critic Reviews
0,The Angry Birds Movie 2,100.0, Thurop Van Orman, Columbia Pictures  , PG ,73,107,84,4023,2014.0,Animation,G,64.0,60.0,35376.0,167.0
1,Dora and the Lost City of Gold,102.0, James Bobin, Paramount Pictures  , PG ,84,148,88,6715,1985.0,Action,G,61.0,63.0,34806.0,291.0
2,Good Boys,95.0, Gene Stupnitsky, Universal Pictures  , R ,80,237,86,13007,2003.0,Adventure,PG,67.0,,81961.0,604.0
3,Brian Banks,99.0, Tom Shadyac, Bleecker Street  , PG-13 ,61,69,97,1831,2023.0,Biography,PG-13,72.0,58.0,9274.0,60.0
4,The Farewell,98.0, Lulu Wang, A24  , PG ,98,322,87,2490,2019.0,Comedy,PG,75.0,89.0,71293.0,311.0
5,Angel Has Fallen,114.0, Ric Roman Waugh, Lionsgate  , R ,39,178,93,14666,2024.0,Action,PG,64.0,45.0,110926.0,691.0
6,Official Secrets,112.0, Gavin Hood, IFC Films  , R ,83,156,89,361,2007.0,Biography,R,73.0,63.0,54727.0,221.0
7,The Peanut Butter Falcon,93.0, Tyler Nilson, Roadside Attractions  , PG-13 ,96,200,96,4704,2002.0,Adventure,R,76.0,70.0,104193.0,556.0
8,Paradise Hills,94.0, Alice Waddington, Samuel Goldwyn Films  , NR,64,61,82,330,2014.0,Fantasy,,52.0,49.0,17562.0,138.0
9,Drive,118.0, Tarun Mansukhani, Netflix  , NR,0,7,13,15,1997.0,Action,R,78.0,79.0,705913.0,1414.0
10,The King,133.0, David Michôd, Netflix  , R ,71,136,83,1794,2023.0,Biography,R,73.0,62.0,153433.0,820.0
11,Klaus,98.0, Sergio Pablos, Netflix  , PG ,94,63,97,1837,2020.0,Animation,G,82.0,65.0,190206.0,798.0
12,Primal,97.0, Nick Powell, Lionsgate  , R ,38,32,27,48,,Action,R,49.0,32.0,11212.0,146.0
13,Let It Snow,92.0, Luke Snellin, Netflix  , PG-13 ,81,26,45,343,2020.0,Comedy,PG-13,58.0,51.0,24991.0,200.0
14,Scary Stories to Tell in the Dark,120.0, André Øvredal, CBS Films and Lionsgate  , NR,78,222,72,8238,2024.0,Adventure,PG,62.0,61.0,85418.0,640.0
15,The Lion King,110.0, Jeff Nathanson, Walt Disney Pictures  , PG ,53,406,88,76333,2023.0,Animation,G,85.0,88.0,1144704.0,955.0
16,The Lion King,110.0, Jeff Nathanson, Walt Disney Pictures  , PG ,53,406,88,76333,1991.0,Animation,G,68.0,55.0,267546.0,2706.0
17,47 Meters Down: Uncaged,89.0, Johannes Roberts, Entertainment Studios Motion Pictures  , PG-13 ,42,85,68,2475,2019.0,Adventure,R,50.0,43.0,30836.0,416.0
18,Girl on the Third Floor,93.0, Travis Stevens, Queensbury Pictures  , NR,81,36,23,315,2014.0,Drama,R,47.0,65.0,11169.0,261.0
19,Sweetheart,82.0, J.D. Dillard, Blumhouse  , NR ,94,33,46,192,2007.0,Comedy,,64.0,67.0,935.0,12.0
20,Blinded by the Light,114.0, Gurinder Chadha, New Line Cinema  , PG-13 ,89,244,91,2634,2009.0,Comedy,PG-13,69.0,71.0,27351.0,287.0
21,3 from Hell,122.0, Rob Zombie, Lionsgate  , R ,53,32,61,640,1996.0,Action,R,54.0,50.0,17977.0,308.0
22,Dolemite Is My Name,118.0, Craig Brewer, Netflix  , R ,97,215,91,113,2008.0,Biography,R,72.0,76.0,65033.0,355.0
23,The Laundromat,96.0, Steven Soderbergh, Netflix  , R ,42,159,41,798,2008.0,Comedy,R,63.0,57.0,54980.0,341.0
24,Tell Me Who I Am,85.0, Ed Perkins, Netflix  , NR,96,27,89,137,2005.0,Documentary,,76.0,69.0,16914.0,130.0
25,Trick,97.0, Patrick Lussier, RLJE Films  , NR,32,25,45,51,2014.0,Comedy,NR,72.0,,9260.0,129.0
26,Toy Story 4,90.0, Josh Cooley, Disney/Pixar  , G,97,429,94,53144,2021.0,Animation,G,77.0,84.0,281032.0,1070.0
27,Stuber,105.0, Michael Dowse, 20th Century Fox  , R ,41,215,79,5394,2006.0,Action,R,62.0,42.0,51482.0,418.0
28,In the Shadow of the Moon,115.0, Jim Mickle, Netflix  , NR,59,51,36,256,1989.0,Action,R,62.0,48.0,61301.0,438.0
29,In the Tall Grass,90.0, Vincenzo Natali, Netflix  , NR,37,67,34,571,1994.0,Horror,R,55.0,46.0,64872.0,691.0
30,The Art of Self-Defense,104.0, Riley Stearns, Bleecker Street  , R ,84,158,63,631,1966.0,Action,R,66.0,65.0,40973.0,306.0
31,Bliss,79.0, Joe Begos, Dark Sky Films  , NR,90,39,63,73,1995.0,Drama,R,54.0,40.0,20234.0,469.0
32,Bliss,79.0, Joe Begos, Dark Sky Films  , NR,90,39,63,73,1955.0,Drama,R,60.0,,2889.0,27.0
33,El Camino: A Breaking Bad Movie,122.0, Vince Gilligan, Netflix  , NR,91,121,81,4465,2019.0,Action,R,73.0,72.0,292670.0,1477.0
34,Fractured,100.0, Brad Anderson, Netflix  , NR,61,28,50,406,2008.0,Drama,R,65.0,36.0,92794.0,911.0
35,Quartet,100.0, James Ivory, Cohen Film Collection  , R,47,15,32,112,1986.0,Comedy,PG-13,68.0,64.0,21221.0,120.0
36,Skin,110.0, Guy Nattiv, A24  , R ,76,78,84,296,2012.0,Biography,R,68.0,58.0,18867.0,79.0
37,American Dreamer,92.0, Derrick Borte, Saban Films  , R ,53,15,82,65,2005.0,Comedy,R,58.0,60.0,893.0,12.0
38,Prey,85.0, Franck Khalfoun, Cinedigm  , PG-13 ,13,8,24,29,1996.0,Action,R,71.0,71.0,227953.0,2038.0
39,Annabelle Comes Home,100.0, Gary Dauberman, New Line Cinema  , R ,65,200,70,9405,1994.0,Horror,R,59.0,53.0,87360.0,722.0
40,Crawl,87.0, Alex Aja, Paramount Pictures  , R ,83,185,75,7593,2013.0,Action,R,61.0,60.0,94222.0,827.0
41,Midsommar,140.0, Ari Aster, A24  , R ,83,373,63,5229,2006.0,Drama,R,71.0,72.0,405108.0,3338.0
42,Between Two Ferns: The Movie,82.0, Scott Aukerman, Netflix  , NR,74,58,44,257,2006.0,Comedy,,61.0,59.0,36884.0,208.0
43,Running with the Devil,100.0, Jason Cabell, Quiver Distribution  , R ,25,24,40,110,1965.0,Crime,R,54.0,42.0,10264.0,110.0
44,Shaft,119.0, Tim Story, New Line Cinema  , R ,32,124,94,7727,2007.0,Action,PG,64.0,40.0,58835.0,350.0
45,Shaft,119.0, Tim Story, New Line Cinema  , R ,32,124,94,7727,2018.0,Action,R,60.0,50.0,80879.0,297.0
46,Shaft,119.0, Tim Story, New Line Cinema  , R ,32,124,94,7727,2014.0,Action,R,66.0,66.0,21069.0,98.0
47,The Dead Don't Die,103.0, Jim Jarmusch, Focus Features  , R ,55,290,38,1784,1995.0,Comedy,R,55.0,53.0,85976.0,1375.0
48,Child's Play,90.0, Lars Klevberg, Orion Pictures  , R ,63,196,57,5796,2021.0,Horror,PG,67.0,58.0,117066.0,339.0
49,Child's Play,90.0, Lars Klevberg, Orion Pictures  , R ,63,196,57,5796,2011.0,Drama,R,57.0,48.0,56398.0,829.0
50,Tall Girl,102.0, Nzingha Stewart, Netflix  , NR,44,9,18,98,2011.0,Comedy,G,52.0,,26842.0,320.0
51,Yesterday,112.0, Danny Boyle, Universal Pictures  , PG-13 ,63,338,89,14665,1964.0,Comedy,PG,68.0,55.0,168074.0,958.0
52,Anna,118.0, Luc Besson, Summit Entertainment  , R ,36,67,81,2225,1997.0,Action,R,66.0,40.0,95610.0,747.0
53,Haunt,92.0, Scott Beck, Momentum Pictures  , R ,71,42,100,8,2013.0,Horror,R,63.0,69.0,37749.0,359.0
54,The Fanatic,88.0, Fred Durst, Quiver Distribution  , R ,16,58,31,258,2018.0,Crime,R,41.0,18.0,12454.0,285.0
55,Can You Keep a Secret?,95.0, Elise Duran, Vertical Entertainment  , NR,27,11,40,146,2015.0,Comedy,R,54.0,35.0,20848.0,242.0
56,The Secret Life of Pets 2,86.0, Chris Renaud, Universal Pictures  , PG ,60,155,90,21933,2014.0,Animation,G,64.0,55.0,69106.0,262.0
57,The Professor and the Madman,125.0, Farhad Safinia, Vertical Entertainment  , NR,42,26,77,293,2023.0,Biography,,72.0,27.0,51144.0,458.0
58,Aladdin,128.0, Guy Ritchie, Walt Disney Pictures  , PG ,57,362,94,59043,2016.0,Adventure,G,69.0,53.0,290692.0,2149.0
59,Aladdin,128.0, Guy Ritchie, Walt Disney Pictures  , PG ,57,362,94,59043,2017.0,Animation,G,80.0,86.0,468021.0,341.0
60,John Wick: Chapter 3 - Parabellum,131.0, Chad Stahelski, Lionsgate  , R ,90,331,86,38122,2005.0,Action,R,74.0,73.0,426899.0,2097.0
61,Booksmart,105.0, Olivia Wilde, United Artists  , R ,97,344,77,4116,2004.0,Comedy,R,71.0,84.0,131406.0,765.0
62,Jacob's Ladder,89.0, David M. Rosenthal, Vertical Entertainment  , R ,5,22,40,132,1985.0,Drama,R,74.0,62.0,118119.0,343.0
63,Driven,108.0, Nick Hamm, Variance Films & Universal Pictures Content Group  , R ,62,50,72,122,1968.0,Action,G,46.0,29.0,43154.0,315.0
64,Ma,110.0, Tate Taylor, Universal Pictures  , R ,55,196,64,8228,2020.0,Horror,R,56.0,53.0,59742.0,494.0
65,Burn,88.0, Mike Gan, Momentum Pictures  , R ,58,12,41,44,2017.0,Comedy,R,57.0,50.0,7151.0,75.0
66,The Red Sea Diving Resort,130.0, Gideon Raff, Netflix  , NR,30,40,80,721,1983.0,Drama,R,66.0,,32640.0,220.0
67,The Hustle,93.0, Chris Addison, MGM  , PG-13 ,14,157,44,3394,2021.0,Comedy,R,54.0,35.0,65836.0,656.0
68,A Dog's Journey,108.0, Gail Mancuso, Universal Pictures  , PG ,50,84,92,2875,2002.0,Adventure,G,74.0,43.0,28765.0,164.0
69,Rocketman,121.0, Dexter Fletcher, Paramount Pictures  , R ,89,362,88,21649,2024.0,Biography,R,73.0,69.0,195308.0,951.0
70,Otherhood,120.0, Cindy Chupack, Netflix  , R ,25,24,56,179,2003.0,Comedy,R,61.0,38.0,12509.0,94.0
71,Brightburn,91.0, David Yarovesky, Screen Gems  , R ,57,198,67,4331,2021.0,Drama,R,61.0,44.0,108055.0,1027.0
72,Avengers: Endgame,182.0, Joe Russo, Marvel Studios  , PG-13 ,94,505,90,68832,1995.0,Action,PG,84.0,78.0,1269206.0,6933.0
73,UglyDolls,87.0, Kelly Asbury, STXfilms  , PG ,27,85,55,1039,2012.0,Animation,G,51.0,39.0,7832.0,154.0
74,Long Shot,115.0, Jonathan Levine, Summit Entertainment  , R ,82,283,75,4619,1997.0,Comedy,R,68.0,67.0,121955.0,773.0
75,Iron Sky: The Coming Race,92.0, Timo Vuorensola, Vertical Entertainment  , NR,29,7,29,78,1989.0,Action,,50.0,,11779.0,139.0
76,The Curse of La Llorona,93.0, Michael Chaves, New Line Cinema  , R ,29,178,38,1795,2015.0,Horror,R,53.0,41.0,57809.0,553.0
77,The Wedding Guest,97.0, Michael Winterbottom, IFC Films  , R ,43,69,34,74,,Thriller,PG-13,58.0,57.0,6627.0,88.0
78,Tolkien,111.0, Dome Karukoski, Fox Searchlight Pictures  , PG-13 ,50,193,73,1109,1994.0,Biography,PG-13,68.0,48.0,46726.0,237.0
79,Above the Shadows,105.0, Claudia Myers, Gravitas Ventures  , NR,57,7,80,20,2017.0,Drama,,61.0,,4691.0,53.0
80,Shazam!,130.0, David F. Sandberg, New Line Cinema  , PG-13 ,90,392,82,16459,2020.0,Action,PG,70.0,71.0,385593.0,1935.0
81,The Edge of Love,111.0, John Maybury, MPI Media Group  , R ,37,59,43,53725,2014.0,Biography,R,61.0,39.0,18961.0,43.0
82,Alita: Battle Angel,125.0, Robert Rodriguez, 20th Century Fox  , PG-13 ,61,313,92,33308,2012.0,Action,PG,73.0,53.0,294338.0,2665.0
83,Hellboy,120.0, Neil Marshall, Summit Entertainment  , R ,17,208,49,4505,2022.0,Action,R,53.0,31.0,99192.0,1410.0
84,Hellboy,120.0, Neil Marshall, Summit Entertainment  , R ,17,208,49,4505,2021.0,Action,PG,68.0,72.0,350656.0,573.0
85,Pet Sematary,101.0, Kevin Kölsch, Paramount Pictures  , R ,58,266,33,3341,1964.0,Fantasy,R,65.0,38.0,115246.0,307.0
86,Pet Sematary,101.0, Kevin Kölsch, Paramount Pictures  , R ,58,266,33,3341,1988.0,Horror,R,57.0,57.0,98690.0,1021.0
87,Breakthrough,90.0, Roxann Dawson, 20th Century Fox  , PG ,61,62,79,1159,1933.0,Biography,PG,63.0,46.0,11040.0,222.0
88,After,106.0, Jenny Gage, Aviron Pictures  , PG-13 ,17,35,71,2458,2024.0,Drama,R,53.0,30.0,66026.0,786.0
89,The Best of Enemies,132.0, Robin Bissell, STXfilms  , PG-13 ,53,77,76,477,2002.0,Biography,PG-13,73.0,49.0,19651.0,130.0
90,Under the Silver Lake,139.0, David Robert Mitchell, A24  , R ,58,148,55,471,2023.0,Crime,R,65.0,60.0,51605.0,322.0
91,Euphoria,98.0, Lisa Langseth, Freestyle Releasing  , R ,19,26,38,32,2021.0,Adventure,R,57.0,32.0,4752.0,36.0
92,The Aftermath,108.0, James Kent, Fox Searchlight Pictures  , R ,27,146,50,334,2018.0,Drama,R,63.0,43.0,23868.0,135.0
93,Dumbo,112.0, Tim Burton, Walt Disney Pictures  , PG ,47,352,49,4314,2007.0,Animation,G,72.0,96.0,142291.0,145.0
94,Dumbo,112.0, Tim Burton, Walt Disney Pictures  , PG ,47,352,49,4314,2012.0,Adventure,G,63.0,51.0,82675.0,693.0
95,High Life,110.0, Claire Denis, A24  , R ,82,223,42,912,2021.0,Mystery,R,58.0,78.0,41140.0,351.0
96,Perfect,87.0, Eddie Alcazar, Brainfeeder Films  , NR,17,12,54,13,2012.0,Drama,R,47.0,46.0,6007.0,50.0
97,Nightmare Cinema,119.0, Alejandro Brugués, Cranked Up Productions  , R ,77,44,46,152,2020.0,Drama,R,55.0,60.0,5125.0,66.0
98,The Beach Bum,95.0, Harmony Korine, NEON  , R ,56,117,29,661,2020.0,Comedy,R,55.0,55.0,24892.0,321.0
99,Hotel Mumbai,123.0, Anthony Maras, Bleecker Street  , R ,76,204,86,912,2024.0,Action,R,76.0,62.0,71152.0,411.0
100,The Hummingbird Project,111.0, Kim Nguyen (IV), The Orchard  , R ,57,115,51,193,1971.0,Drama,R,62.0,58.0,16419.0,86.0
101,The Poison Rose,98.0, George Gallo, Lionsgate  , R ,0,6,24,144,2023.0,Crime,R,48.0,26.0,11183.0,224.0
102,Captain Marvel,128.0, Anna Boden, Marvel Studios  , PG-13 ,78,504,48,94729,2019.0,Action,PG,68.0,64.0,611954.0,6371.0
103,Captive State,109.0, Rupert Wyatt, Focus Features  , PG-13 ,43,74,37,710,2017.0,Action,PG,60.0,54.0,58127.0,370.0
104,Five Feet Apart,120.0, Justin Baldoni, CBS Films  , PG-13 ,54,117,79,824,2012.0,Drama,PG,72.0,53.0,82903.0,343.0
105,I Am Mother,114.0, Grant Sputore, Netflix  , NR,90,72,76,887,2015.0,Drama,R,67.0,64.0,99530.0,608.0
106,Plus One,99.0, Jeff Chan, RLJE Films  , NR,88,60,81,315,1994.0,Comedy,,66.0,65.0,16110.0,114.0
107,How to Train Your Dragon: The Hidden World,110.0, Dean DeBlois, Universal Pictures  , PG ,91,254,86,56128,1999.0,Animation,G,74.0,71.0,151015.0,554.0
108,The Upside,126.0, Neil Burger, STXfilms  , PG-13 ,41,176,82,3989,2002.0,Comedy,PG-13,70.0,46.0,63696.0,841.0
109,Always Be My Maybe,102.0, Nahnatchka Khan , Netflix  , PG-13 ,89,90,81,1770,1981.0,Comedy,PG-13,67.0,64.0,62779.0,368.0
110,Rim of the World,120.0, McG, Netflix  , NR,23,13,27,169,1981.0,Action,,52.0,,25359.0,654.0
111,Greta,98.0, Neil Jordan, Focus Features  , R ,60,257,42,838,2004.0,Drama,PG,60.0,54.0,38162.0,363.0
112,The Perfection,90.0, Richard Shepard, Netflix  , NR,73,90,58,416,2019.0,Drama,,62.0,60.0,49531.0,559.0
113,The Kid,99.0, Vincent D'Onofrio, Lionsgate  , R ,45,40,46,231,2015.0,Comedy,G,61.0,45.0,44455.0,136.0
114,The Kid,99.0, Vincent D'Onofrio, Lionsgate  , R ,45,40,46,231,2022.0,Comedy,,82.0,,135055.0,235.0
115,The Kid,99.0, Vincent D'Onofrio, Lionsgate  , R ,45,40,46,231,2014.0,Biography,R,59.0,51.0,9499.0,119.0
116,Avengement,87.0, Jesse V. Johnson, Samuel Goldwyn Films  , NR,83,18,70,132,2015.0,Action,R,66.0,63.0,20733.0,229.0
117,The Professor,91.0, Wayne Roberts, Saban Films  , R ,10,20,76,430,2013.0,Comedy,R,67.0,37.0,37417.0,298.0
118,Domino,88.0, Brian DePalma, Saban Films  , R ,33,69,18,71,2001.0,Action,NR,59.0,37.0,69439.0,300.0
119,What Men Want,117.0, Adam Shankman, Paramount Pictures  , R ,42,139,33,2017,2014.0,Comedy,R,54.0,49.0,31849.0,314.0
120,Serenity,106.0, Steven Knight, Aviron Pictures  , R ,20,186,29,1436,2021.0,Action,PG-13,78.0,74.0,305949.0,1359.0
121,Serenity,106.0, Steven Knight, Aviron Pictures  , R ,20,186,29,1436,2020.0,Drama,R,54.0,37.0,45498.0,497.0
122,Arctic,98.0, Joe Penna, Bleecker Street  , PG-13 ,89,141,79,1808,2022.0,Adventure,PG-13,68.0,71.0,58422.0,357.0
123,The Prodigy,92.0, Nicholas McCarthy, Orion Pictures  , R ,42,78,37,842,2023.0,Fantasy,R,59.0,45.0,28394.0,321.0
124,Dragged Across Concrete,158.0, S. Craig Zahler, Summit Entertainment  , R ,75,136,69,598,2007.0,Action,R,69.0,60.0,55388.0,663.0
125,"Extremely Wicked, Shockingly Evil and Vile",110.0, Joe Berlinger, Netflix  , R ,55,178,57,1268,2022.0,Biography,R,67.0,52.0,103674.0,577.0
126,Wine Country,100.0, Amy Poehler, Netflix  , R ,66,83,30,412,2011.0,Adventure,R,55.0,56.0,23005.0,372.0
127,The Man Who Killed Don Quixote,132.0, Terry Gilliam, Screen Media Films  , NR,63,119,64,393,2024.0,Adventure,,63.0,58.0,22216.0,129.0
128,Mary Magdalene,120.0, Garth Davis, IFC Films  , R ,45,110,48,214,1996.0,Biography,PG,59.0,48.0,11585.0,165.0
129,Glass,110.0, M. Night Shyamalan, Universal Pictures  , PG-13 ,37,373,68,12305,1995.0,Drama,PG,66.0,43.0,274828.0,1695.0
130,Destroyer,123.0, Karyn Kusama, Annapurna Pictures  , R ,74,259,50,1263,2014.0,Action,R,62.0,62.0,31833.0,344.0
131,On the Basis of Sex,120.0, Mimi Leder, Focus Features  , PG-13 ,73,245,76,2145,2020.0,Biography,PG-13,71.0,59.0,38402.0,190.0
132,A Dog's Way Home,97.0, Charles Martin Smith, Columbia Pictures  , PG ,59,79,71,1583,2019.0,Adventure,G,67.0,50.0,20150.0,177.0
133,Replicas,107.0, Jeffrey Nachmanoff, Entertainment Studios Motion Pictures  , PG-13 ,9,53,34,1265,2018.0,Action,PG-13,55.0,19.0,42128.0,531.0
134,Welcome to Marwen,116.0, Robert Zemeckis, Universal Pictures  , PG-13 ,35,164,49,1613,2021.0,Biography,PG-13,62.0,40.0,26024.0,230.0
135,Escape Room,100.0, Adam Robitel, Columbia Pictures  , PG-13 ,51,152,51,2389,2016.0,Action,R,64.0,48.0,142287.0,735.0
136,Escape Room,100.0, Adam Robitel, Columbia Pictures  , PG-13 ,51,152,51,2389,1985.0,Horror,R,42.0,,13930.0,180.0
137,Someone Great,92.0, Jennifer Kaytin Robinson, Netflix  , R ,82,51,65,510,1999.0,Comedy,R,62.0,63.0,25312.0,208.0
138,The Perfect Date,89.0, Chris Nelson, Netflix  , NR,65,17,37,508,1998.0,Comedy,PG-13,58.0,,43203.0,202.0
139,Black Site,87.0, Tom Paton, Epic Pictures  , NR,71,7,12,18,1992.0,Action,R,44.0,,3902.0,77.0
140,Triple Threat,96.0, Jesse V. Johnson, Well Go USA Entertainment  , R ,68,31,35,199,2006.0,Action,R,56.0,60.0,12624.0,140.0
141,Bumblebee,119.0, Travis Knight, Paramount Pictures  , PG-13 ,91,237,74,9606,2024.0,Action,PG,67.0,66.0,189068.0,1252.0
142,Vice,132.0, Adam McKay, Annapurna Pictures  , R ,66,344,59,4885,1997.0,Biography,R,72.0,61.0,162666.0,724.0
143,The Mule,116.0, Clint Eastwood, Warner Bros. Pictures  , R ,70,183,66,3994,2025.0,Crime,R,70.0,58.0,152894.0,709.0
144,Rust Creek,108.0, Jen McGowan, IFC Midnight  , R ,84,44,66,563,1990.0,Action,R,59.0,59.0,13502.0,184.0
145,The Highwaymen,132.0, John Lee Hancock, Netflix  , R ,57,134,73,1202,2021.0,Biography,R,69.0,58.0,103838.0,471.0
146,The Dirt,108.0, Jeff Tremaine, Netflix  , NR,38,71,94,6619,2003.0,Biography,,70.0,39.0,55457.0,565.0
147,Sobibor,110.0, Konstantin Khabenskiy, Samuel Goldwyn Films  , NR,75,16,42,52,1929.0,Drama,,64.0,,5783.0,35.0
148,Fantastic Beasts: The Crimes of Grindelwald,134.0, David Yates (II), Warner Bros. Pictures  , PG-13 ,36,314,54,14820,2021.0,Adventure,PG,65.0,52.0,309327.0,1371.0
149,Second Act,103.0, Peter Segal, STXfilms  , PG-13 ,45,107,44,1177,2025.0,Comedy,R,58.0,46.0,30301.0,203.0
150,Prospect,97.0, Zeek Earl, DUST  , R ,89,45,70,1014,2022.0,Adventure,R,63.0,68.0,34628.0,313.0
151,The Clovehitch Killer,110.0, Duncan Skiles, IFC Midnight  , NR,77,31,68,756,1985.0,Crime,,65.0,59.0,34076.0,251.0
152,Vox Lux,112.0, Brady Corbet, NEON  , R ,61,236,37,984,2016.0,Drama,R,58.0,67.0,19587.0,160.0
153,Level 16,102.0, Danishka Esterhazy, Dark Sky Films  , NR,82,22,64,91,2023.0,Drama,,61.0,46.0,16294.0,126.0
154,The Vanishing,106.0, Kristoffer Nyholm, Saban Films  , R ,85,39,48,627,2023.0,Drama,R,59.0,64.0,20733.0,179.0
155,The Vanishing,106.0, Kristoffer Nyholm, Saban Films  , R ,85,39,48,627,2023.0,Drama,PG,63.0,49.0,28075.0,104.0
156,A Star Is Born,135.0, Bradley Cooper, Warner Bros. Pictures  , R ,90,501,79,20023,2023.0,Drama,R,76.0,88.0,420550.0,2474.0
157,A Star Is Born,135.0, Bradley Cooper, Warner Bros. Pictures  , R ,90,501,79,20023,2025.0,Drama,,73.0,77.0,10913.0,71.0
158,A Star Is Born,135.0, Bradley Cooper, Warner Bros. Pictures  , R ,90,501,79,20023,1997.0,Drama,G,61.0,59.0,13201.0,100.0
159,A Star Is Born,135.0, Bradley Cooper, Warner Bros. Pictures  , R ,90,501,79,20023,2022.0,Drama,G,75.0,89.0,19694.0,155.0
160,Ralph Breaks the Internet,114.0, Phil Johnston, Walt Disney Animation Studios  , PG ,88,266,65,8438,2025.0,Animation,G,70.0,71.0,183417.0,651.0
161,Mortal Engines,111.0, Christian Rivers, Universal Pictures  , PG-13 ,26,182,49,3891,2018.0,Action,PG,61.0,44.0,141196.0,1041.0
162,Mary Queen of Scots,112.0, Josie Rourke, Focus Features  , R ,62,274,41,2564,1988.0,Biography,R,63.0,60.0,55429.0,555.0
163,The Changeover,95.0, Stuart McKenzie, Vertical Entertainment  , NR,69,32,68,260,1971.0,Fantasy,,54.0,69.0,1803.0,43.0
164,Instant Family,117.0, Sean Anders, Paramount Pictures  , PG-13 ,81,145,82,3315,2021.0,Comedy,PG-13,73.0,57.0,120454.0,677.0
165,Spider-Man: Into the Spider-Verse,100.0, Bob Persichetti, Sony Pictures  , PG ,97,375,93,19350,2012.0,Animation,G,84.0,87.0,673811.0,1985.0
166,Lords of Chaos,112.0, Jonas Åkerlund, 20th Century Fox  , R ,74,72,62,541,2004.0,Biography,R,66.0,48.0,19455.0,154.0
167,Green Book,130.0, Peter Farrelly, Universal Pictures  , PG-13 ,78,341,91,9710,2007.0,Biography,PG,82.0,69.0,574433.0,1615.0
168,The Boy Who Harnessed the Wind,113.0, Chiwetel Ejiofor, Netflix  , NR,86,59,88,299,2023.0,Biography,PG-13,76.0,68.0,44572.0,185.0
169,Robin Hood,116.0, Otto Bathurst, Summit Entertainment  , PG-13 ,15,164,41,3497,2014.0,Action,PG-13,66.0,53.0,283508.0,459.0
170,Robin Hood,116.0, Otto Bathurst, Summit Entertainment  , PG-13 ,15,164,41,3497,2008.0,Action,PG,53.0,32.0,79594.0,1133.0
171,Robin Hood,116.0, Otto Bathurst, Summit Entertainment  , PG-13 ,15,164,41,3497,1997.0,Animation,G,75.0,57.0,139163.0,167.0
172,Bohemian Rhapsody,134.0, Bryan Singer, 20th Century Fox  , PG-13 ,60,392,85,22872,2024.0,Biography,PG,79.0,49.0,594309.0,3221.0
173,Widows,128.0, Steve McQueen (III), 20th Century Fox  , R ,91,396,61,5200,1964.0,Crime,R,68.0,84.0,104248.0,572.0
174,Creed II,130.0, Steven Caple Jr., MGM  , PG-13 ,84,291,80,5439,2021.0,Action,PG,71.0,66.0,155826.0,687.0
175,Possum,87.0, Matthew Holness, Dark Sky Films  , NR,90,39,52,372,2021.0,Drama,,58.0,64.0,9002.0,124.0
176,The Favourite,119.0, Yorgos Lanthimos," Fox Searchlight Pictures, Film4 and Waypoint  ", R ,93,387,69,6980,2023.0,Biography,R,75.0,91.0,234311.0,1171.0
177,At Eternity's Gate,111.0, Julian Schnabel, CBS Films  , PG-13 ,80,175,63,1199,1997.0,Biography,PG-13,69.0,76.0,40103.0,211.0
178,Free Solo,97.0, Elizabeth Chai Vasarhelyi, Greenwich Entertainment  , PG-13 ,97,147,93,2771,2014.0,Documentary,G,81.0,83.0,77644.0,290.0
179,The Grinch,86.0, Scott Mosier, Universal Pictures  , PG ,59,184,50,12851,2022.0,Animation,G,64.0,51.0,91294.0,609.0
180,Then Came You,99.0, Peter Hutchings, SHOUT! STUDIOS  , NR,59,22,78,226,2007.0,Comedy,,69.0,44.0,13842.0,101.0
181,Then Came You,99.0, Peter Hutchings, SHOUT! STUDIOS  , NR,59,22,78,226,2020.0,Comedy,PG-13,60.0,,2596.0,91.0
182,The Nutcracker and the Four Realms,99.0, Lasse Hallstrom, Walt Disney Pictures  , PG ,33,200,33,2270,2020.0,Adventure,G,56.0,39.0,37477.0,413.0
183,Overlord,109.0, Julius Avery, Paramount Pictures  , R ,81,209,67,3965,2017.0,Action,R,66.0,60.0,106706.0,718.0
184,Boy Erased,111.0, Joel Edgerton, Focus Features  , R ,81,249,74,2360,2010.0,Biography,NR,69.0,69.0,42203.0,178.0
185,A Private War,106.0, Matthew Heineman, Aviron Pictures  , R ,87,135,64,1370,2006.0,Biography,PG,67.0,75.0,21029.0,126.0
186,Suspiria,152.0, Luca Guadagnino, Amazon Studios  , R ,65,315,66,2557,2024.0,Drama,R,67.0,64.0,92687.0,644.0
187,Suspiria,152.0, Luca Guadagnino, Amazon Studios  , R ,65,315,66,2557,1999.0,Horror,R,73.0,79.0,105678.0,582.0
188,Nobody's Fool,110.0, Tyler Perry, Paramount Pictures  , R ,24,41,35,650,1998.0,Comedy,R,73.0,86.0,22556.0,109.0
189,The Hole in the Ground,90.0, Lee Cronin, A24  , R ,84,86,49,345,2022.0,Drama,R,56.0,63.0,22423.0,218.0
190,Halloween,109.0, David Gordon Green, Universal Pictures  , R ,79,361,70,9503,2019.0,Horror,R,77.0,90.0,307316.0,1416.0
191,Halloween,109.0, David Gordon Green, Universal Pictures  , R ,79,361,70,9503,1988.0,Horror,R,60.0,47.0,130693.0,872.0
192,Halloween,109.0, David Gordon Green, Universal Pictures  , R ,79,361,70,9503,2004.0,Crime,R,65.0,67.0,169356.0,1538.0
193,First Man,138.0, Damien Chazelle, Universal Pictures  , PG-13 ,86,427,67,8538,1985.0,Biography,PG,73.0,84.0,202555.0,1243.0
194,The Hate U Give,132.0, George Tillman Jr., 20th Century Fox  , PG-13 ,97,215,82,4237,1997.0,Crime,PG-13,75.0,81.0,40226.0,359.0
195,The Old Man & the Gun,93.0, David Lowery, Fox Searchlight Pictures  , PG-13 ,93,264,61,2932,2017.0,Biography,PG,67.0,80.0,49668.0,266.0
196,Johnny English Strikes Again,88.0, David Kerr, Universal Pictures  , PG ,37,106,49,1839,1934.0,Action,PG,62.0,39.0,83426.0,414.0
197,King of Thieves,108.0, James Marsh, Saban Films  , R ,35,80,28,372,2022.0,Biography,NR,55.0,48.0,16465.0,127.0
198,Polar,118.0, Jonas Åkerlund, Netflix  , NR,19,47,63,230,2019.0,Action,R,63.0,19.0,99203.0,981.0
199,Venom,112.0, Ruben Fleischer, Columbia Pictures  , PG-13 ,29,337,80,39734,1993.0,Action,PG,66.0,35.0,539481.0,3469.0
200,Smallfoot,109.0, Karey Kirkpatrick, Warner Bros. Pictures  , PG ,76,122,62,2116,2015.0,Animation,G,66.0,60.0,43007.0,204.0
201,The House That Jack Built,151.0, Lars von Trier, IFC Films  , R ,57,127,65,1370,1964.0,Crime,R,68.0,42.0,92353.0,445.0
202,The House with a Clock in Its Walls,104.0, Eli Roth, Universal Pictures  , PG ,66,209,45,3415,2013.0,Comedy,PG,61.0,57.0,55410.0,419.0
203,Assassination Nation,95.0, Sam Levinson, NEON  , R ,73,131,55,1019,2024.0,Action,R,60.0,54.0,21808.0,233.0
204,Lizzie,106.0, Craig William Macneill, Roadside Attractions  , R ,66,145,48,485,1999.0,Biography,R,59.0,59.0,9404.0,63.0
205,Colette,111.0, Wash Westmoreland, Bleecker Street  , R ,87,209,70,1428,2019.0,Biography,R,67.0,74.0,26465.0,141.0
206,A Simple Favor,116.0, Paul Feig, Lionsgate  , R ,85,239,73,6480,2024.0,Comedy,PG-13,68.0,67.0,163035.0,798.0
207,Peppermint,102.0, Pierre Morel, STXfilms  , R ,12,142,71,3138,2025.0,Action,R,65.0,29.0,71044.0,843.0
208,Little Women,112.0, Clare Niederpruem, Pinnacle Peak  , PG-13 ,27,26,72,227,1997.0,Drama,G,78.0,91.0,247026.0,1053.0
209,Little Women,112.0, Clare Niederpruem, Pinnacle Peak  , PG-13 ,27,26,72,227,1954.0,Drama,G,73.0,87.0,63686.0,174.0
210,Roma,135.0, Alfonso Cuarón, Netflix  , R ,95,377,72,5342,2002.0,Drama,R,77.0,96.0,169995.0,1060.0
211,Bird Box,117.0, Susanne Bier, Netflix  , R ,63,156,57,7079,2023.0,Horror,R,66.0,51.0,387214.0,2298.0
212,Hunter Killer,120.0, Donovan Marsh, Summit Premiere  , R ,36,107,69,2179,2008.0,Action,PG,66.0,43.0,73787.0,777.0
213,Wildlife,104.0, Paul Dano, IFC Films  , PG-13 ,93,199,72,1801,2017.0,Drama,PG-13,68.0,80.0,31435.0,130.0
214,White Boy Rick,111.0, Yann Demange, Columbia Pictures  , R ,59,149,50,1615,1996.0,Crime,R,65.0,59.0,43262.0,198.0
215,Night School,111.0, Malcolm D. Lee, Universal Pictures  , PG-13 ,27,138,39,2371,1989.0,Comedy,PG,56.0,43.0,44474.0,310.0
216,Bad Times at the El Royale,140.0, Drew Goddard, 20th Century Fox  , R ,75,243,73,5529,2023.0,Crime,R,71.0,60.0,164935.0,892.0
217,Hell Fest,105.0, Gregory Plotkin, Tucker Tooley Entertainment  , R ,41,64,40,821,2020.0,Horror,R,55.0,26.0,19467.0,267.0
218,Mid90s,84.0, Jonah Hill, A24  , R ,81,221,80,2597,2015.0,Comedy,R,73.0,66.0,78211.0,324.0
219,Once Upon a Deadpool,116.0, David Leitch, 20th Century Fox  , PG-13 ,53,58,53,1087,2016.0,Action,,75.0,,302.0,0.0
220,Ashes in the Snow,99.0, Marius A. Markevicius, Vertical Entertainment  , NR,50,14,85,352,1992.0,Drama,,66.0,42.0,6907.0,65.0
221,The Meg,114.0, Jon Turteltaub, Warner Bros. Pictures  , PG-13 ,46,290,42,6661,1964.0,Action,PG,57.0,46.0,207938.0,1485.0
222,Alpha,97.0, Albert Hughes, Sony Pictures  , PG-13 ,80,130,71,3854,2014.0,Action,PG,66.0,63.0,66628.0,535.0
223,Crazy Rich Asians,120.0, Jon M. Chu, Warner Bros. Pictures  , PG-13 ,91,342,76,12483,2018.0,Comedy,PG,69.0,74.0,190482.0,1096.0
224,Kin,102.0, Jonathan Baker, Lionsgate  , PG-13 ,33,90,54,770,2008.0,Action,R,58.0,35.0,18779.0,246.0
225,"Juliet, Naked",98.0, Jesse Peretz, Lionsgate and Roadside Attractions  , R ,83,161,74,1218,2001.0,Comedy,R,66.0,67.0,24747.0,129.0
226,Searching,101.0, Aneesh Chaganty, Screen Gems  , PG-13 ,92,243,87,6593,2002.0,Drama,PG,76.0,71.0,180218.0,1157.0
227,The Ballad of Buster Scruggs,132.0, Joel Coen, Netflix  , R ,91,218,77,3320,1964.0,Comedy,R,72.0,79.0,168554.0,722.0
228,Papillon,136.0, Michael Noer, Bleecker Street  , R ,52,106,66,1179,2015.0,Adventure,R,72.0,51.0,86479.0,355.0
229,Papillon,136.0, Michael Noer, Bleecker Street  , R ,52,106,66,1179,2023.0,Biography,R,80.0,58.0,138542.0,204.0
230,Outlaw King,117.0, David Mackenzie, Netflix  , R ,61,148,67,1373,2004.0,Action,R,69.0,59.0,81120.0,453.0
231,Christopher Robin,120.0, Marc Forster, Walt Disney Pictures  , PG ,73,265,83,5632,2023.0,Adventure,G,72.0,60.0,84979.0,571.0
232,Destination Wedding,90.0, Victor Levin, Regatta  , R ,53,83,58,788,2013.0,Comedy,PG,60.0,46.0,33453.0,430.0
233,Time Trap,87.0, Mark Dennis, Paladin  , NR,60,10,71,561,2021.0,Action,NR,62.0,46.0,43657.0,815.0
234,Final Score,104.0, Scott Mann, Saban Films  , R ,69,32,37,283,2024.0,Action,R,58.0,53.0,14183.0,181.0
235,BlacKkKlansman,135.0, Spike Lee, Focus Features  , R ,96,418,82,10719,2024.0,Biography,R,75.0,83.0,291687.0,819.0
236,Look Away,103.0, Assaf Bernstein, Vertical Entertainment  , NR,17,12,54,387,2023.0,Drama,,58.0,,22386.0,179.0
237,Mission: Impossible - Fallout,147.0, Christopher McQuarrie, Paramount Pictures  , PG-13 ,97,415,87,15721,2018.0,Action,PG,77.0,87.0,378835.0,1540.0
238,The Nun,96.0, Corin Hardy, Warner Bros. Pictures  , R ,26,194,35,6805,1964.0,Horror,R,53.0,46.0,170897.0,1673.0
239,The Miseducation of Cameron Post,90.0, Desiree Akhavan, FilmRise  , NR,86,180,76,1493,2018.0,Comedy,,66.0,69.0,25670.0,110.0
240,Back Roads,101.0, Alex Pettyfer, Samuel Goldwyn Films  , NR,68,22,99,1862,1989.0,Crime,,63.0,42.0,5497.0,55.0
241,Ant-Man and the Wasp,118.0, Peyton Reed, Walt Disney Pictures  , PG-13 ,88,417,76,24280,2014.0,Action,PG,70.0,70.0,450803.0,893.0
242,Incredibles 2,118.0, Brad Bird, Disney/Pixar  , PG ,94,370,84,18111,2017.0,Animation,PG,75.0,80.0,332107.0,935.0
243,Mile 22,90.0, Peter Berg, STXfilms  , R ,23,184,44,2680,2018.0,Action,R,61.0,38.0,86988.0,830.0
244,Slender Man,93.0, Sylvain White, Screen Gems  , PG-13 ,6,77,17,2429,1968.0,Horror,PG,33.0,30.0,38483.0,698.0
245,The Darkest Minds,105.0, Jennifer Yuh Nelson, 20th Century Fox  , PG-13 ,16,136,73,2721,1995.0,Action,PG-13,57.0,39.0,36133.0,462.0
246,The Spy Who Dumped Me,116.0, Susanna Fogel, Lionsgate  , R ,49,204,57,3540,1945.0,Action,R,60.0,52.0,83156.0,526.0
247,55 Steps,115.0, Bille August, Sony Pictures  , PG-13 ,50,8,85,96,2025.0,Biography,PG-13,69.0,42.0,3666.0,45.0
248,Teen Titans Go! To the Movies,92.0, Aaron Horvath, Warner Bros. Pictures  , PG ,91,127,72,3461,1997.0,Animation,PG,67.0,69.0,21759.0,189.0
249,Mandy,120.0, Panos Cosmatos, RLJE Films  , NR,90,235,66,4110,1997.0,Action,NR,65.0,83.0,89887.0,962.0
250,Sorry to Bother You,105.0, Boots Riley, Annapurna Pictures  , R ,93,294,70,6000,2001.0,Comedy,R,69.0,78.0,88425.0,449.0
251,Mamma Mia! Here We Go Again,114.0, Ol Parker, Universal Pictures  , PG-13 ,80,267,66,5151,2017.0,Comedy,PG,66.0,60.0,109314.0,607.0
252,A Prayer Before Dawn,116.0, Jean-Stéphane Sauvaire, A24  , R ,92,61,74,1779,1965.0,Action,R,68.0,76.0,26238.0,114.0
253,"Don't Worry, He Won't Get Far on Foot",113.0, Gus Van Sant, Amazon Studios  , R ,76,182,75,1539,2006.0,Biography,R,68.0,67.0,30735.0,121.0
254,Loving Pablo,125.0, Fernando León de Aranoa, Universal Pictures  , R ,31,48,36,509,2020.0,Biography,R,64.0,42.0,22447.0,84.0
255,Three Identical Strangers,96.0, Tim Wardle, NEON  , PG-13 ,97,174,88,2933,2013.0,Documentary,PG-13,76.0,81.0,40021.0,114.0
256,Unfriended: Dark Web,88.0, Stephen Susco, BH Tilt  , R ,60,116,38,1134,1995.0,Horror,R,60.0,53.0,38501.0,291.0
257,Hotel Artemis,97.0, Drew Pearce, Global Road Entertainment  , R ,57,172,33,1834,2015.0,Action,R,61.0,58.0,58550.0,358.0
258,Apostle,129.0, Gareth Evans, Netflix  , NR,80,66,54,1193,1989.0,Drama,R,63.0,62.0,59198.0,454.0
259,22-Jul,143.0, Paul Greengrass, Netflix  , R ,80,123,69,778,2022.0,Biography,R,68.0,69.0,37642.0,193.0
260,Malevolent,88.0, Olaf de Fleur Johannesson, Netflix  , NR,38,8,17,278,,Horror,,48.0,,17130.0,215.0
261,Gotti,105.0, Kevin Connolly, Vertical Entertainment  , R ,0,55,46,8086,2011.0,Biography,R,48.0,24.0,17162.0,297.0
262,Jurassic World: Fallen Kingdom,129.0, J.A. Bayona, Universal Pictures  , PG-13 ,48,413,48,29655,1996.0,Action,PG,61.0,51.0,344772.0,1407.0
263,Hotel Transylvania 3: Summer Vacation,97.0, Genndy Tartakovsky, Columbia Pictures / Sony Pictures Animation  , PG ,62,115,48,3399,2018.0,Animation,G,63.0,54.0,85581.0,249.0
264,Leave No Trace,109.0, Debra Granik, Bleecker Street  , PG ,100,225,81,4641,2023.0,Adventure,PG,71.0,88.0,65392.0,342.0
265,Hot Summer Nights,120.0, Elijah Bynum, A24  , R ,43,40,58,792,2002.0,Crime,R,64.0,44.0,23549.0,97.0
266,The Healer,113.0, Paco Arango, AMBI Media Group  , NR,17,6,51,113,2005.0,Comedy,,64.0,,8583.0,103.0
267,Skyscraper,103.0, Rawson Marshall Thurber, Universal Pictures  , PG-13 ,47,274,63,6350,2008.0,Action,PG,58.0,51.0,134439.0,753.0
268,Eighth Grade,94.0, Bo Burnham, A24  , R ,99,297,83,5057,2023.0,Comedy,R,74.0,85.0,82606.0,450.0
269,Damsel,113.0, David Zellner, Magnolia Pictures  , R ,68,107,56,712,2023.0,Action,PG-13,61.0,46.0,83933.0,448.0
270,I Think We're Alone Now,93.0, Reed Morano, Momentum Pictures  , R ,63,40,43,412,2014.0,Drama,R,57.0,51.0,12661.0,137.0
271,Little Italy,102.0, Donald Petrie, Lionsgate  , NR,16,19,60,317,2014.0,Comedy,R,57.0,28.0,17472.0,161.0
272,Hold the Dark,125.0, Jeremy Saulnier, Netflix  , NR,70,81,31,1164,2017.0,Action,R,56.0,63.0,40439.0,705.0
273,Ghost Stories,97.0, Jeremy Dyson, IFC Midnight  , NR,84,123,59,2365,1989.0,Drama,PG,64.0,68.0,37065.0,246.0
274,Uncle Drew,103.0, Charles Stone III, Lionsgate  , PG-13 ,62,94,47,1570,,Comedy,PG,58.0,57.0,15770.0,116.0
275,Hereditary,127.0, Ari Aster, Windy Hill Pictures  , R ,89,359,66,12338,1997.0,Drama,R,73.0,87.0,379659.0,3193.0
276,Superfly,108.0, Director X., Columbia Pictures  , R ,50,100,46,861,2024.0,Action,R,52.0,52.0,7635.0,117.0
277,Venus,95.0, Eisha Marjara, Wolfe Releasing  , NR,100,7,83,11,2011.0,Horror,R,55.0,,4065.0,21.0
278,Age of Summer,89.0, Bill Kiely, Freestyle Digital Media  , NR,50,6,67,89,2024.0,Comedy,,55.0,,879.0,12.0
279,Next Gen,106.0, Sep 7, Netflix  , NR,80,5,68,618,2018.0,Animation,PG,66.0,,19575.0,266.0
280,The Angel,103.0, Ariel Vromen, Netflix  , NR,75,12,61,227,2006.0,Action,R,67.0,,15521.0,137.0
281,Deadpool 2,119.0, David Leitch, 20th Century Fox  , R ,84,402,85,31432,2006.0,Action,R,76.0,66.0,647806.0,1200.0
282,Mary Shelley,121.0, Haifaa Al-Mansour, IFC Films  , PG-13 ,39,122,48,597,1966.0,Biography,PG-13,64.0,49.0,17820.0,90.0
283,First Reformed,108.0, Paul Schrader, A24  , R ,93,234,68,3360,2011.0,Drama,R,71.0,86.0,62689.0,307.0
284,American Animals,120.0, Bart Layton, The Orchard  , R ,89,204,81,2783,2018.0,Biography,R,70.0,68.0,49459.0,203.0
285,Black Water,104.0, Pasha Patriki, Saban Films  , R ,0,9,22,99,2024.0,Adventure,PG-13,58.0,,16052.0,99.0
286,Upgrade,95.0, Leigh Whannell, Blumhouse Productions  , R ,87,183,87,5577,2023.0,Action,R,75.0,67.0,207240.0,1217.0
287,Adrift,120.0, Baltasar Kormákur, STXfilms  , PG-13 ,70,191,65,2204,2021.0,Action,PG,66.0,56.0,61879.0,254.0
288,Book Club,104.0, Erin Simms, Paramount Pictures  , PG-13 ,54,179,52,2008,1992.0,Comedy,R,61.0,53.0,32525.0,312.0
289,Dark Crimes,92.0, Alexandros Avranas, Saban Films  , R ,0,35,31,935,2021.0,Crime,R,46.0,24.0,19986.0,149.0
290,Avengers: Infinity War,156.0, Anthony Russo, Walt Disney Pictures  , PG-13 ,85,456,91,57975,2007.0,Action,PG,84.0,68.0,1206488.0,3434.0
291,How to Talk to Girls at Parties,102.0, John Cameron Mitchell, A24  , R ,47,93,38,749,2024.0,Comedy,R,57.0,50.0,12415.0,93.0
292,The Yellow Birds,100.0, Alexandre Moors, Saban Films  , R ,45,40,43,247,2024.0,Drama,R,58.0,56.0,4754.0,49.0
293,Life of the Party,105.0, Ben Falcone, New Line Cinema  , PG-13 ,38,149,40,2123,2020.0,Comedy,NR,56.0,46.0,39735.0,274.0
294,On Chesil Beach,110.0, Dominic Cooke, Bleecker Street  , R ,67,159,63,830,2023.0,Drama,R,63.0,62.0,12521.0,72.0
295,Bad Samaritan,107.0, Dean Devlin, Electric Entertainment  , R ,53,75,68,838,1965.0,Crime,R,64.0,42.0,26149.0,264.0
296,Revenge,108.0, Coralie Fargeat, Shudder and NEON  , R ,92,128,56,2602,2020.0,Action,R,64.0,81.0,48464.0,377.0
297,Revenge,108.0, Coralie Fargeat, Shudder and NEON  , R ,92,128,56,2602,2007.0,Action,,62.0,35.0,20568.0,80.0
298,Marrowbone,110.0, Sergio G. Sánchez, Magnolia Pictures  , R ,47,70,57,493,2015.0,Drama,R,67.0,63.0,39684.0,159.0
299,The Guernsey Literary and Potato Peel Pie Society,123.0, Mike Newell, Netflix  , NR,81,70,82,1366,2016.0,Drama,NR,73.0,65.0,52808.0,306.0
300,To All the Boys I've Loved Before,100.0, Susan Johnson, Netflix  , NR,97,67,86,4551,2020.0,Comedy,PG-13,70.0,64.0,124197.0,396.0
301,Ready Player One,140.0, Steven Spielberg, Warner Bros. Pictures  , PG-13 ,72,420,77,24893,2023.0,Action,PG,74.0,64.0,487655.0,1599.0
302,The Endless,112.0, Justin Benson, Well Go USA Entertainment  , NR,92,124,67,3429,2000.0,Drama,,65.0,80.0,49563.0,315.0
303,A Quiet Place,90.0, John Krasinski, Paramount Pictures  , PG-13 ,95,367,83,22688,1997.0,Drama,R,75.0,82.0,585149.0,2457.0
304,Beirut,110.0, Brad Anderson, Bleecker Street  , R ,81,129,56,1379,2024.0,Action,R,65.0,69.0,24720.0,126.0
305,Tau,97.0, Noga Landau, Addictive Pictures  , R ,25,12,49,511,2017.0,Horror,R,58.0,43.0,34773.0,268.0
306,Escape Plan 2: Hades,94.0, Steven C. Miller, Summit Entertainment  , R ,8,24,15,717,2024.0,Action,R,39.0,,35357.0,392.0
307,Calibre,101.0, Matt Palmer, Netflix  , NR,95,19,72,639,2020.0,Drama,R,68.0,76.0,33430.0,307.0
308,La Belle Noiseuse,240.0, Jacques Rivette, Cohen Media Group  , NR,100,29,84,3815,2021.0,Drama,NR,75.0,,9387.0,54.0
309,Black Panther,135.0, Ryan Coogler, Marvel Studios  , PG-13 ,97,495,79,88211,1990.0,Action,PG,73.0,88.0,838980.0,2950.0
310,Fifty Shades Freed,101.0, James Foley, Universal Pictures  , R ,12,183,37,5678,2022.0,Drama,R,45.0,31.0,74342.0,240.0
311,Anon,100.0, Andrew Niccol, Netflix  , NR,38,48,35,676,2022.0,Crime,,61.0,54.0,48817.0,246.0
312,The Party,71.0, Sally Potter, Roadside Attractions  , R ,81,155,61,1979,2006.0,Comedy,,74.0,64.0,43798.0,196.0
313,The Party,71.0, Sally Potter, Roadside Attractions  , R ,81,155,61,1979,2020.0,Comedy,R,65.0,73.0,21068.0,100.0
314,Samson,110.0, Bruce MacDonald, Pure Flix Entertainment  , PG-13 ,25,16,50,810,1977.0,Action,PG-13,45.0,17.0,4974.0,104.0
315,Game Night,119.0, Jonathan M. Goldstein, New Line Cinema  , R ,85,246,77,9457,2016.0,Action,R,69.0,66.0,256130.0,628.0
316,I Kill Giants,104.0, Anders Walter , XYZ Films  , NR,77,60,76,2140,2002.0,Drama,R,61.0,74.0,33027.0,255.0
317,Cargo,91.0, Yolanda Ramke, Netflix  , NR,88,74,66,1591,2022.0,Drama,,63.0,65.0,48210.0,314.0
318,Pacific Rim Uprising,111.0, Steven S. DeKnight, Universal Pictures  , PG-13 ,44,253,39,32337,2004.0,Action,PG,56.0,44.0,127555.0,667.0
319,Brain on Fire,95.0, Gerard Barrett, Broad Green Pictures  , PG-13 ,13,16,67,741,2024.0,Biography,PG-13,66.0,34.0,24246.0,127.0
320,Sherlock Gnomes,86.0, John Stevenson, Paramount Pictures  , PG ,27,64,35,1604,2020.0,Animation,PG,52.0,36.0,14093.0,91.0
321,Tomb Raider,118.0, Roar Uthaug, Warner Bros. Pictures  , PG-13 ,51,308,55,10622,1990.0,Action,PG,63.0,48.0,227439.0,1158.0
322,Flower,93.0, Max Winkler, The Orchard  , R ,50,68,45,433,2023.0,Comedy,R,60.0,45.0,10442.0,79.0
323,Blockers,102.0, Kay Cannon, Universal Pictures  , R ,84,220,50,5029,2021.0,Comedy,NR,62.0,69.0,86148.0,329.0
324,The Death of Stalin,107.0, Armando Iannucci, IFC Films  , R ,96,241,78,6228,1993.0,Comedy,R,73.0,88.0,113762.0,383.0
325,I Can Only Imagine,110.0, Jon Erwin, Lionsgate and Roadside Attractions  , PG ,61,31,91,4012,1972.0,Biography,PG,73.0,30.0,18341.0,290.0
326,"Paul, Apostle of Christ",108.0, Andrew Hyatt, Affirm Films  , PG-13 ,46,37,81,1626,2017.0,Adventure,R,66.0,52.0,9940.0,110.0
327,"Love, Simon",109.0, Greg Berlanti, 20th Century Fox  , PG-13 ,92,220,88,7513,2022.0,Comedy,R,75.0,72.0,126118.0,500.0
328,Unsane,97.0, Steven Soderbergh, Fingerprint Releasing and Bleecker Street  , R ,80,229,58,2645,1961.0,Drama,NR,64.0,63.0,49986.0,324.0
329,Terminal,90.0, Vaughn Stein, RLJ Entertainment  , NR,20,65,37,591,2002.0,Action,,53.0,27.0,25421.0,227.0
330,Set It Up,105.0, Claire Scanlon, Netflix  , NR,92,59,69,1222,2017.0,Comedy,R,65.0,62.0,64593.0,175.0
331,Thoroughbreds,90.0, Cory Finley, Focus Features  , R ,86,158,68,3266,2002.0,Comedy,PG,66.0,75.0,46488.0,185.0
332,Gringo,110.0, Nash Edgerton, Amazon Studios and STX Entertainment  , R ,40,129,39,1105,2018.0,Action,PG,61.0,46.0,32205.0,132.0
333,Every Day,95.0, Michael Sucsy, Orion Pictures  , PG-13 ,63,59,55,1022,2017.0,Drama,NR,64.0,52.0,23664.0,108.0
334,Super Troopers 2,100.0, Jay Chandrasekhar, Fox Searchlight Pictures  , R ,35,94,65,3528,2002.0,Comedy,R,60.0,41.0,28408.0,204.0
335,Isle of Dogs,101.0, Wes Anderson, Scott Rudin Productions  , PG-13 ,90,350,87,8898,2023.0,Animation,G,78.0,82.0,191225.0,437.0
336,Extinction,95.0, Ben Young, Netflix  , NR,39,23,48,1171,2017.0,Action,R,58.0,40.0,57785.0,805.0
337,Tully,94.0, Jason Reitman, Focus Features  , R ,86,272,74,3602,2007.0,Comedy,R,69.0,75.0,63178.0,212.0
338,You Were Never Really Here,89.0, Lynne Ramsay, Amazon Studios  , R ,89,270,64,4959,2023.0,Crime,R,67.0,84.0,127879.0,769.0
339,Overboard,110.0, Rob Greenberg, Pantelion Films  , PG-13 ,24,87,54,2203,2017.0,Comedy,G,69.0,53.0,68044.0,148.0
340,Overboard,110.0, Rob Greenberg, Pantelion Films  , PG-13 ,24,87,54,2203,2023.0,Comedy,PG-13,60.0,42.0,41233.0,426.0
341,I Feel Pretty,110.0, Abby Kohn, STX Entertainment  , PG-13 ,36,219,35,4590,1934.0,Comedy,PG,56.0,48.0,57320.0,599.0
342,The Miracle Season,90.0, Sean McNamara, LD Entertainment  , PG ,51,43,83,872,2001.0,Drama,PG,65.0,44.0,6311.0,53.0
343,The Con Is On,95.0, James Haslam, Lionsgate  , R ,0,5,44,157,2001.0,Comedy,R,38.0,,8823.0,121.0
344,Maze Runner: The Death Cure,114.0, Wes Ball, 20th Century Fox  , PG-13 ,43,169,58,17025,2023.0,Action,PG,63.0,50.0,164341.0,383.0
345,Hostiles,135.0, Donald Stewart, Entertainment Studios Motion Pictures  , R ,71,210,74,5374,2020.0,Drama,R,72.0,65.0,95909.0,435.0
346,Forever My Girl,104.0, Bethany Ashton Wolf, Roadside Attractions and LD Entertainment  , PG ,24,49,79,1700,1965.0,Comedy,PG,66.0,36.0,21446.0,135.0
347,Paddington 2,105.0, Paul King (VII) , Warner Bros. Pictures  , PG ,100,238,88,8038,2020.0,Adventure,G,78.0,88.0,94283.0,279.0
348,Den of Thieves,140.0, Christian Gudegast, STX Entertainment  , R ,41,131,62,4235,2008.0,Action,R,70.0,49.0,123931.0,529.0
349,Duck Butter,93.0, Miguel Arteta, The Orchard  , NR,57,35,46,108,2024.0,Comedy,,53.0,58.0,4618.0,27.0
350,The Greatest Showman,105.0, Jenny Bicks, 20th Century Fox  , PG ,56,252,86,25713,1985.0,Biography,PG,75.0,48.0,312199.0,1915.0
351,The Commuter,105.0, Jaume Collet-Serra, Lionsgate  , PG-13 ,56,205,39,5241,1994.0,Action,PG,63.0,56.0,125649.0,411.0
352,Molly's Game,140.0, Aaron Sorkin, STXfilms  , R ,82,292,84,11690,2005.0,Biography,R,74.0,71.0,188265.0,411.0
353,Phantom Thread,130.0, Paul Thomas Anderson, Focus Features  , R ,91,334,70,7709,2020.0,Drama,PG,74.0,90.0,145818.0,514.0
354,The Post,115.0, Steven Spielberg, 20th Century Fox  , PG-13 ,88,387,73,12200,2003.0,Biography,PG,72.0,83.0,162620.0,438.0
355,All the Money in the World,132.0, Ridley Scott, TriStar Pictures  , R ,80,249,66,6536,1996.0,Crime,PG,68.0,72.0,91159.0,237.0
356,Kodachrome,105.0, Mark Raso, Netflix  , NR,71,49,69,579,2023.0,Drama,R,68.0,57.0,19899.0,104.0
357,Braven,94.0, Lin Oeding, Saban Films and Lionsgate  , R ,77,30,77,1828,,Action,PG,59.0,61.0,42149.0,248.0
358,10x10,88.0, Suzi Ewing, Vertical Entertainment  , NR,67,9,20,208,2020.0,Drama,,51.0,,11670.0,82.0
359,Amateur,96.0, Ryan Koo, Netflix  , NR,60,5,68,107,1929.0,Action,,,,,0.0
360,The Titan,97.0, Lennart Ruff, Netflix  , NR,18,28,15,752,,Drama,,48.0,33.0,33501.0,434.0
361,Thelma,116.0, Joachim Trier, The Orchard  , NR,93,147,77,3234,1991.0,Action,PG-13,76.0,76.0,253.0,2.0
362,Thelma,116.0, Joachim Trier, The Orchard  , NR,93,147,77,3234,1983.0,Drama,,70.0,74.0,36686.0,107.0
363,Terrifier,85.0, Damien Leone, Epic Pictures  , NR,67,12,54,756,2016.0,Horror,,56.0,,52959.0,527.0
364,Acts of Violence,86.0, Brett Donowho, Lionsgate Premiere  , R ,0,13,33,266,1994.0,Action,R,53.0,28.0,13381.0,184.0
365,Status Update,106.0, Scott Speer, Vertical Entertainment  , PG-13 ,0,5,51,301,2023.0,Comedy,G,58.0,,6257.0,49.0
366,Justice League,110.0, Zack Snyder, Warner Bros. Pictures  , PG-13 ,40,387,71,127303,1999.0,Action,PG,61.0,45.0,479137.0,1707.0
367,Ferdinand,106.0, Carlos Saldanha, Blue Sky Studio/20th Century Fox  , PG ,71,119,50,6924,1934.0,Animation,PG,67.0,58.0,63772.0,130.0
368,Jumanji: Welcome to the Jungle,112.0, Jake Kasdan, Columbia Pictures  , PG-13 ,76,229,87,39155,2007.0,Action,PG,70.0,58.0,450801.0,874.0
369,The Disaster Artist,104.0, James Franco, A24  , R ,91,336,85,15015,2017.0,Biography,PG,73.0,76.0,164478.0,394.0
370,Lady Bird,93.0, Greta Gerwig, A24  , R ,99,384,79,22071,2007.0,Comedy,R,74.0,93.0,330402.0,755.0
371,Call Me by Your Name,130.0, Luca Guadagnino, Sony Pictures Classics  , R ,95,346,86,15420,1997.0,Drama,PG,78.0,94.0,317398.0,993.0
372,The Shape of Water,119.0, Guillermo del Toro, Fox Searchlight Pictures  , R ,92,434,72,25501,2018.0,Drama,R,73.0,87.0,448223.0,1334.0
373,"I, Tonya",119.0, Craig Gillespie, NEON  , R ,89,366,88,12188,1985.0,Biography,R,75.0,77.0,243229.0,503.0
374,Thor: Ragnarok,130.0, Taika Waititi, Walt Disney Pictures  , PG-13 ,93,410,87,94104,2021.0,Action,PG,79.0,74.0,817557.0,1385.0
375,Coco,109.0, Lee Unkrich, Disney/Pixar  , PG ,97,337,94,27404,1996.0,Animation,G,84.0,81.0,592504.0,1209.0
376,"Three Billboards Outside Ebbing, Missouri",115.0, Martin McDonagh, Fox Searchlight Pictures  , R ,90,395,87,22602,2012.0,Comedy,R,81.0,88.0,556091.0,1079.0
377,Wonder Wheel,101.0, Woody Allen, Amazon Studios  , PG-13 ,31,192,41,1645,1966.0,Drama,PG-13,62.0,46.0,31029.0,168.0
378,Darkest Hour,125.0, Joe Wright, Focus Features  , PG-13 ,85,300,82,13883,2015.0,Drama,PG,74.0,75.0,221214.0,641.0
379,Novitiate,123.0, Margaret Betts, Maven Pictures  , R ,86,98,70,1857,1989.0,Drama,R,67.0,73.0,5063.0,40.0
380,Mute,126.0, Duncan Jones, Netflix  , NR,20,83,47,1484,2024.0,Mystery,R,55.0,35.0,38207.0,263.0
381,My Friend Dahmer,107.0, Marc Meyers, FilmRise  , R ,87,100,61,5382,2017.0,Biography,R,62.0,68.0,23683.0,126.0
382,Hangman,98.0, Johnny Martin, Saban Films  , R ,5,22,29,422,2023.0,Crime,R,52.0,31.0,19116.0,250.0
383,Blade Runner 2049,164.0, Denis Villeneuve, Warner Bros. Pictures  , R ,87,426,81,59720,2002.0,Action,PG,80.0,81.0,667544.0,2081.0
384,"I, Daniel Blake",100.0, Ken Loach, Sundance Selects  , R ,92,180,85,8284,2023.0,Drama,PG,78.0,78.0,64884.0,164.0
385,Jigsaw,91.0, Michael Spierig, Lionsgate  , R ,33,87,89,29317,2023.0,Horror,R,57.0,39.0,92479.0,290.0
386,Jigsaw,91.0, Michael Spierig, Lionsgate  , R ,33,87,89,29317,2003.0,Crime,,72.0,,1590.0,37.0
387,Crooked House,115.0, Gilles Paquet-Brenner, Sony Pictures Worldwide Acquisitions  , PG-13 ,57,30,57,530,2002.0,Crime,PG-13,63.0,59.0,27600.0,155.0
388,The Killing of a Sacred Deer,119.0, Yorgos Lanthimos, A24  , R ,79,268,65,9888,2022.0,Drama,R,70.0,73.0,188254.0,974.0
389,Last Flag Flying,124.0, Richard Linklater, Amazon Studios  , R ,78,210,71,4181,1996.0,Comedy,R,69.0,65.0,28644.0,167.0
390,All I See Is You,110.0, Marc Forster, Open Road Films  , R ,27,55,30,1534,2019.0,Drama,R,54.0,43.0,13139.0,107.0
391,God's Own Country,104.0, Francis Lee, Samuel Goldwyn Films  , NR,98,123,87,4371,1990.0,Drama,,76.0,85.0,35721.0,158.0
392,Django,117.0, Etienne Comar, Under the Milky Way  , NR,59,22,79,126,2002.0,Action,R,72.0,75.0,31078.0,102.0
393,Suburbicon,105.0, George Clooney, Paramount Pictures  , R ,28,249,25,8275,2011.0,Comedy,R,58.0,42.0,47254.0,307.0
394,Stratton,95.0, Simon West, SquareOne Entertainment  , R ,0,35,20,180,1986.0,Action,R,48.0,26.0,5662.0,68.0
395,The Square,142.0, Ruben Östlund, Magnolia Pictures  , R ,85,213,70,4019,1997.0,Comedy,R,71.0,73.0,77476.0,169.0
396,Woody Woodpecker,84.0, Alex Zamm, Universal Pictures Home Entertainment  , PG ,13,8,34,198,2023.0,Animation,PG,42.0,,5171.0,62.0
397,LBJ,98.0, Rob Reiner, Electric Entertainment  , R ,57,83,55,3112,2001.0,Biography,R,65.0,54.0,7724.0,72.0
398,Wonder,113.0, Stephen Chbosky, Lionsgate  , PG ,85,186,88,18785,1990.0,Drama,G,79.0,66.0,178736.0,476.0
399,Mom and Dad,83.0, Brian Taylor, Momentum Pictures  , R ,75,131,39,1505,1998.0,Comedy,R,56.0,59.0,27441.0,223.0
400,Daddy's Home 2,98.0, Sean Anders, Paramount Pictures  , PG-13 ,21,126,50,15021,2021.0,Comedy,PG,60.0,30.0,82430.0,222.0
401,The Florida Project,115.0, Sean Baker (II) , June Pictures  , R ,96,299,80,13090,1972.0,Drama,R,76.0,92.0,128748.0,473.0
402,"Roman J. Israel, Esq.",117.0, Dan Gilroy, Sony Pictures  , PG-13 ,53,171,53,4102,2019.0,Crime,PG-13,65.0,58.0,43271.0,196.0
403,The Ritual,94.0, David Bruckner, Netflix  , NR,73,90,60,1925,2021.0,Horror,R,63.0,57.0,120243.0,511.0
404,When We First Met,97.0, Ari Sandel, Netflix  , NR,43,23,57,817,1999.0,Comedy,R,64.0,36.0,54015.0,139.0
405,Despicable Me 3,90.0, Kyle Balda, Universal Pictures  , PG ,58,190,53,78563,2017.0,Animation,G,62.0,49.0,154858.0,192.0
406,Tulip Fever,107.0, Justin Chadwick, The Weinstein Company  , R ,10,60,43,5268,1999.0,Drama,R,62.0,38.0,22967.0,95.0
407,Logan Lucky,119.0, Steven Soderbergh, Fingerprint Releasing / Bleecker Street  , PG-13 ,92,278,76,27525,2024.0,Action,PG,70.0,78.0,162378.0,310.0
408,Better Watch Out,99.0, Chris Peckover, Well Go USA Entertainment  , R ,89,64,65,4424,1999.0,Comedy,R,65.0,67.0,46338.0,319.0
409,American Made,115.0, Doug Liman, Universal Pictures  , R ,86,261,78,26189,2021.0,Action,R,71.0,65.0,208742.0,294.0
410,Battle of the Sexes,121.0, Jonathan Dayton, Fox Searchlight Pictures  , PG-13 ,85,303,71,15767,2007.0,Biography,PG,67.0,73.0,60044.0,166.0
411,Marshall,118.0, Reginald Hudlin, Open Road Films  , PG-13 ,80,143,84,8605,1997.0,Biography,R,73.0,66.0,26857.0,91.0
412,It,135.0, Andy Muschietti, Warner Bros. Pictures  , R ,86,369,84,66884,1997.0,Fantasy,R,73.0,69.0,607763.0,1652.0
413,Inside,100.0, Miguel Ángel Vivas, Vertical Entertainment  , NR,32,19,21,91,2021.0,Drama,R,55.0,53.0,17245.0,126.0
414,Valerian and the City of a Thousand Planets,137.0, Luc Besson, EuropaCorp / STXfilms  , PG-13 ,47,285,53,27698,2019.0,Action,PG,64.0,51.0,197276.0,1052.0
415,The Hitman's Bodyguard,111.0, Patrick Hughes, Summit Entertainment  , R ,43,218,67,27022,2019.0,Action,R,69.0,47.0,247535.0,546.0
416,Good Time,100.0, Benny Safdie, A24  , R ,91,235,81,8900,2023.0,Crime,R,73.0,80.0,140594.0,352.0
417,Beach Rats,95.0, Eliza Hittman, NEON  , R ,85,102,57,2531,1985.0,Drama,R,64.0,78.0,16488.0,76.0
418,Jungle,115.0, Greg McLean, Momentum Pictures  , R ,60,52,59,3213,2022.0,Action,R,67.0,48.0,63774.0,239.0
419,The Lego Ninjago Movie,90.0, Charlie Bean, Warner Bros. Pictures  , PG ,55,132,46,18790,2023.0,Animation,PG,60.0,55.0,30007.0,109.0
420,The Mountain Between Us,100.0, Hany Abu-Assad, 20th Century Fox  , PG-13 ,39,168,47,12516,2018.0,Drama,PG,64.0,48.0,80959.0,296.0
421,Dunkirk,107.0, Christopher Nolan, Warner Bros. Pictures  , PG-13 ,93,443,81,68124,2012.0,Action,PG,78.0,94.0,741653.0,2107.0
422,Stronger,119.0, David Gordon Green, Lionsgate and Roadside Attractions  , R ,89,190,80,12867,2005.0,Biography,R,69.0,76.0,49761.0,116.0
423,Flatliners,108.0, Niels Arden Oplev, Columbia Pictures  , PG-13 ,4,76,33,11722,2023.0,Drama,R,65.0,55.0,93582.0,156.0
424,Flatliners,108.0, Niels Arden Oplev, Columbia Pictures  , PG-13 ,4,76,33,11722,2025.0,Drama,R,52.0,27.0,51026.0,217.0
425,Leatherface,90.0, Julien Maury, Lionsgate  , R ,30,44,24,3098,1985.0,Crime,R,50.0,40.0,27915.0,162.0
426,Jeepers Creepers 3,100.0, Victor Salva, Infinity Films  , NR,17,6,33,2610,2013.0,Horror,,39.0,,24419.0,281.0
427,Brawl in Cell Block 99,132.0, S. Craig Zahler, RLJE Films  , NR,91,90,74,6061,2023.0,Action,R,71.0,79.0,75955.0,529.0
428,Cars 3,109.0, Brian Fee, Walt Disney Pictures  , G,70,227,69,27223,1965.0,Animation,G,67.0,59.0,122657.0,264.0
429,Atomic Blonde,115.0, David Leitch, Focus Features  , R ,79,346,64,34479,2017.0,Action,R,67.0,63.0,206931.0,668.0
430,Wind River,111.0, Taylor Sheridan, The Weinstein Company  , R ,88,241,90,29290,1990.0,Crime,R,77.0,73.0,281103.0,671.0
431,The Limehouse Golem,105.0, Juan Carlos Medina, RLJ Entertainment  , NR,73,75,55,2363,2024.0,Crime,,63.0,63.0,23341.0,112.0
432,Bitch,93.0, Marianna Palka, Dark Sky Films  , NR,65,37,30,221,2012.0,Comedy,,52.0,55.0,2067.0,28.0
433,Mudbound,134.0, Dee Rees, Netflix  , R ,97,191,85,5741,1995.0,Drama,R,74.0,85.0,54506.0,150.0
434,Ingrid Goes West,97.0, Matt Spicer, NEON  , R ,86,187,71,9164,2014.0,Comedy,NR,66.0,71.0,48025.0,159.0
435,Brigsby Bear,97.0, Dave McCary, Sony Pictures Classics  , PG-13 ,83,160,86,3962,1976.0,Comedy,PG-13,73.0,67.0,17823.0,77.0
436,The Glass Castle,127.0, Destin Daniel Cretton, Lionsgate  , PG-13 ,52,161,71,8719,2025.0,Biography,PG-13,71.0,56.0,38623.0,149.0
437,Overdrive,93.0, Antonio Negret , Paramount Pictures  , PG-13 ,23,13,26,400,2023.0,Action,PG-13,54.0,,16498.0,48.0
438,Radius,87.0, Caroline Labrèche, Epic Pictures  , NR,92,13,60,523,1989.0,Drama,,63.0,,19709.0,183.0
439,Spider-Man: Homecoming,133.0, Jon Watts, Sony Pictures  , PG-13 ,92,384,87,107605,2023.0,Action,G,74.0,73.0,721017.0,1082.0
440,War for the Planet of the Apes,140.0, Matt Reeves, 20th Century Fox  , PG-13 ,94,347,84,56804,2023.0,Action,PG,74.0,82.0,288425.0,683.0
441,Kidnap,82.0, Luis Prieto, Aviron Pictures  , R ,38,87,50,13832,2006.0,Action,PG,59.0,44.0,39131.0,296.0
442,Annabelle: Creation,109.0, David F. Sandberg, New Line Cinema  , R ,71,184,67,21862,2021.0,Horror,R,65.0,62.0,151191.0,383.0
443,The Emoji Movie,86.0, Anthony Leondis, Sony Pictures Animation  , PG ,7,129,38,25128,2023.0,Animation,PG,34.0,12.0,71231.0,802.0
444,Lady Macbeth,89.0, William Oldroyd, Roadside Attractions  , R ,88,189,71,6380,1954.0,Drama,R,68.0,76.0,27358.0,82.0
445,Newness,112.0, Drake Doremus, Giant Interactive  , NR,69,16,62,324,2020.0,Drama,R,63.0,50.0,17940.0,58.0
446,Shot Caller,121.0, Ric Roman Waugh, Saban Films  , R ,67,45,80,3760,1979.0,Crime,R,73.0,59.0,98986.0,318.0
447,1922,101.0, Zak Hilditch, Netflix  , NR,90,41,57,1754,2019.0,Crime,R,62.0,70.0,71801.0,247.0
448,Creep 2,80.0, Patrick Brice, The Orchard  , NR,100,23,73,883,1971.0,Crime,NR,64.0,75.0,32720.0,136.0
449,Girls Trip,122.0, Malcolm D. Lee, Universal Pictures  , R ,91,165,78,23101,1964.0,Adventure,R,62.0,71.0,40603.0,210.0
450,The Layover,88.0, William H. Macy, Vertical Entertainment  , R ,0,18,22,1496,2024.0,Comedy,R,48.0,15.0,16903.0,69.0
451,Baby Driver,113.0, Edgar Wright, Sony Pictures  , R ,93,372,86,62796,2022.0,Action,PG,75.0,86.0,613038.0,1116.0
452,The Survivalist,104.0, Stephen Fingleton, IFC Midnight  , NR,96,45,66,6740,2023.0,Drama,,64.0,80.0,18708.0,69.0
453,The Book of Henry,105.0, Colin Trevorrow, Focus Features  , PG-13 ,22,143,63,5857,2010.0,Crime,PG-13,66.0,31.0,29459.0,130.0
454,Maudie,115.0, Aisling Walsh, Sony Pictures Classics  , PG-13 ,89,148,89,7565,2021.0,Biography,PG-13,76.0,65.0,21652.0,107.0
455,Fallen,91.0, Scott Hicks, Destination Films and Vertical Entertainment  , PG-13 ,7,14,66,1939,2017.0,Action,R,70.0,,92890.0,251.0
456,Fallen,91.0, Scott Hicks, Destination Films and Vertical Entertainment  , PG-13 ,7,14,66,1939,2007.0,Drama,PG-13,52.0,47.0,15998.0,132.0
457,A Ghost Story,87.0, David Lowery, Ideaman Studios  , R ,91,268,66,16640,2006.0,Drama,R,68.0,84.0,79843.0,611.0
458,Wish Upon,89.0, John R. Leonetti, Broad Green Pictures  , PG-13 ,19,90,30,4609,2006.0,Drama,PG,51.0,32.0,22929.0,143.0
459,Pirates of the Caribbean: Dead Men Tell No Tales,135.0, Espen Sandberg, Walt Disney Pictures  , PG-13 ,30,282,61,130597,1991.0,Action,PG,65.0,39.0,346821.0,527.0
460,47 Meters Down,89.0, Johannes Roberts, Entertainment Studios Motion Pictures  , PG-13 ,54,155,35,12377,1994.0,Horror,PG,56.0,52.0,61004.0,361.0
461,Wonder Woman,141.0, Patty Jenkins, Warner Bros. Pictures  , PG-13 ,93,445,87,129132,2005.0,Action,PG,73.0,76.0,700474.0,1841.0
462,The Devil's Candy,80.0, Sean Byrne, IFC Midnight  , NR,92,51,64,5615,2015.0,Drama,,64.0,72.0,21910.0,131.0
463,Certain Women,107.0, Kelly Reichardt, Film Science  , R ,91,185,50,5439,2013.0,Drama,R,64.0,82.0,15713.0,106.0
464,Transformers: The Last Knight,148.0, Michael Bay, Paramount Pictures  , PG-13 ,15,248,44,39722,2018.0,Action,PG,52.0,27.0,169221.0,713.0
465,The Bad Batch,115.0, Ana Lily Amirpour, NEON  , R ,47,96,31,2817,1989.0,Action,R,52.0,62.0,35593.0,300.0
466,Our Souls at Night,103.0, Ritesh Batra, Netflix  , NR,90,41,75,983,1997.0,Drama,,69.0,69.0,14980.0,89.0
467,The Big Sick,119.0, Michael Showalter, Amazon Studios  , R ,98,292,88,32616,2022.0,Comedy,PG,75.0,86.0,143772.0,361.0
468,The Little Hours,90.0, Jeff Baena, Gunpowder & Sky  , R ,78,122,48,6759,1989.0,Comedy,R,58.0,69.0,25504.0,133.0
469,Cult of Chucky,91.0, Don Mancini, Universal 1440 Entertainment  , NR ,78,23,46,1649,2022.0,Horror,R,53.0,69.0,29853.0,133.0
470,Gerald's Game,103.0, Mike Flanagan, Netflix  , NR,91,76,71,3537,2024.0,Drama,R,65.0,77.0,127741.0,316.0
471,Maurice,139.0, James Ivory, Cinecom Pictures  , R ,90,21,87,7502,2015.0,Drama,,76.0,75.0,23642.0,72.0
472,The Mummy,120.0, Alex Kurtzman, Universal Pictures  , PG-13 ,16,303,35,47733,2002.0,Action,R,71.0,48.0,462242.0,1100.0
473,The Mummy,120.0, Alex Kurtzman, Universal Pictures  , PG-13 ,16,303,35,47733,1964.0,Action,R,54.0,34.0,206552.0,817.0
474,The Mummy,120.0, Alex Kurtzman, Universal Pictures  , PG-13 ,16,303,35,47733,1966.0,Fantasy,,70.0,,30199.0,204.0
475,The Mummy,120.0, Alex Kurtzman, Universal Pictures  , PG-13 ,16,303,35,47733,2024.0,Adventure,R,66.0,62.0,11029.0,94.0
476,Rough Night,101.0, Lucia Aniello, Columbia Pictures  , R ,44,167,29,12523,2012.0,Comedy,PG,52.0,51.0,55905.0,211.0
477,All Eyez on Me,140.0, Benny Boom, SUMMIT/CODEBLACK FILMS/LIONSGATE  , R ,18,89,53,13913,2021.0,Biography,PG,59.0,38.0,24763.0,127.0
478,A Dark Song,100.0, Liam Gavin, Samson Films  , NR,92,38,60,1926,2013.0,Drama,,62.0,71.0,21478.0,169.0
479,Unlocked,98.0, Michael Apted, Lionsgate Premiere  , R ,26,57,42,1558,2013.0,Action,PG,63.0,46.0,38772.0,192.0
480,Megan Leavey,116.0, Gabriela Cowperthwaite, Bleecker Street  , PG-13 ,87,99,82,10417,2016.0,Action,PG-13,71.0,66.0,27334.0,80.0
481,Alien: Covenant,120.0, Ridley Scott, 20th Century Fox  , R ,66,392,55,63800,1991.0,Horror,R,64.0,65.0,304619.0,1427.0
482,Guardians of the Galaxy Vol. 2,137.0, James Gunn (II), Walt Disney Pictures  , PG-13 ,85,403,87,108517,1979.0,Action,PG,76.0,67.0,760986.0,868.0
483,The Wall,104.0, Katell Quillévéré, Cohen Media Group  , NR,92,124,69,366,2021.0,Action,R,62.0,57.0,31027.0,140.0
484,"Everything, Everything",81.0, Doug Liman, Amazon Studios and Roadside Attractions  , R ,65,118,42,6547,2017.0,Drama,PG,63.0,52.0,42550.0,87.0
485,Inconceivable,101.0, Adam Wingard, Vertigo Entertainment  , NR,39,13,24,6101,2024.0,Drama,R,52.0,,10834.0,79.0
486,Naked,91.0, Tim Smit, Filmnation/Saban  , R ,10,8,20,885,2021.0,Comedy,,77.0,85.0,44040.0,140.0
487,Unleashed,96.0, Megan Freels Johnston, Uncork'd Entertainment  , NR,71,8,38,118,1999.0,Action,R,70.0,58.0,108185.0,254.0
488,What Happened to Monday,96.0, Finn Taylor, Level 33 Entertainment  , NR,75,35,72,285,2021.0,Action,R,68.0,47.0,134778.0,493.0
489,Kong: Skull Island,82.0, Bas Devos, Altered Innocence  , NR,83,377,56,219,2024.0,Action,PG,67.0,62.0,349295.0,815.0
490,Ghost in the Shell,118.0, Jordan Vogt-Roberts, Warner Bros. Pictures/Legendary Pictures  , PG-13 ,75,289,69,54159,2004.0,Action,G,63.0,52.0,228188.0,834.0
491,The Fate of the Furious,106.0, Rupert Sanders, Paramount Pictures  , PG-13 ,44,302,51,40031,2023.0,Action,PG,66.0,56.0,254409.0,474.0
492,Gifted,90.0, Aaron Woodley, Open Road Films  , PG ,14,174,37,902,2018.0,Drama,PG-13,76.0,60.0,130703.0,267.0
493,Free Fire,96.0, Sarah Adina Smith, Well Go USA Entertainment  , NR,71,229,57,2005,1995.0,Action,PG,63.0,63.0,50810.0,192.0
494,Unforgettable,126.0, Terence Davies, Hurricane Films  , PG-13 ,92,117,48,4611,2008.0,Drama,R,51.0,45.0,16751.0,110.0
495,The Lost City of Z,97.0, Anne Hamilton, IFC Midnight  , NR,75,237,39,536,2017.0,Adventure,PG,66.0,78.0,99621.0,256.0
496,The Promise,102.0, Fabrice Du Welz, MFTK  , R ,45,158,50,376,1999.0,Action,PG-13,61.0,49.0,178649.0,763.0
497,To the Bone,93.0, Brian Goodman, Lionsgate Premiere  , R ,42,63,40,557,2016.0,Drama,,68.0,64.0,54966.0,88.0
498,Killing Ground,91.0, Jeff Orlowski, Netflix  , NR,100,66,88,599,1995.0,Horror,,58.0,59.0,9356.0,78.0
499,First Kill,115.0, Takanori Tsujimoto, Fathom Events  , R ,43,17,47,745,1973.0,Action,R,50.0,39.0,12457.0,102.0
500,Snatched,110.0, Nacho Vigalondo, NEON  , R ,81,209,59,17114,1995.0,Action,,64.0,,95.0,0.0
501,Snatched,110.0, Nacho Vigalondo, NEON  , R ,81,209,59,17114,2020.0,Action,R,47.0,45.0,37620.0,298.0
502,Going in Style,90.0, J.D. Dillard, BH Tilt  , R ,77,166,52,5806,2024.0,Comedy,R,66.0,50.0,91729.0,163.0
503,Wolves,97.0, Zach Braff, Warner Bros. Pictures  , PG-13 ,48,27,57,13125,1977.0,Action,R,53.0,37.0,10462.0,72.0
504,Smurfs: The Lost Village,98.0, Michael Walker (VI) , Pango Films  , NR,67,96,50,19,2017.0,Animation,PG,60.0,40.0,24298.0,76.0
505,Song to Song,87.0, Gaby Dellal, The Weinstein Company  , PG-13 ,32,127,44,2702,1981.0,Drama,R,56.0,55.0,22601.0,120.0
506,Okja,129.0, Terrence Malick, Broad Green Pictures  , R ,43,225,37,6631,2012.0,Action,PG,73.0,75.0,132396.0,327.0
507,CHIPS,94.0, Craig Johnson, Fox Searchlight  , R ,48,110,30,2527,2024.0,Action,R,60.0,28.0,50775.0,204.0
508,Dirty Dancing,100.0, Jonathan Wright, Bunk 11 Pictures  , R ,42,21,33,370,2012.0,Drama,G,71.0,65.0,257180.0,470.0
509,T2 Trainspotting,102.0, Gary Michael Schultz, Vertical Entertainment  , R ,41,246,66,251,2002.0,Comedy,R,72.0,67.0,133147.0,260.0
510,The Zookeeper's Wife,116.0, Giuseppe Tornatore, Paco Cinematografica  , NR,14,177,35,76,2020.0,Biography,R,70.0,57.0,46777.0,71.0
511,The Belko Experiment,126.0, Niki Caro, Focus Features  , PG-13 ,63,104,76,12736,2006.0,Horror,R,62.0,44.0,58536.0,197.0
512,The Autopsy of Jane Doe,82.0, Greg McLean, BH Tilt  , R ,53,102,40,9517,1964.0,Horror,R,68.0,65.0,139907.0,461.0
513,Berlin Syndrome,79.0, May 19, Gravitas Ventures  , NR,100,87,68,299,1983.0,Drama,R,63.0,70.0,27678.0,99.0
514,2:22,92.0, Simon Aboud, AMBI Distribution  , PG,61,9,73,497,2017.0,Drama,PG-13,57.0,,25697.0,141.0
515,The Lego Batman Movie,99.0, Eran Creevy, Open Road Films  , PG-13 ,21,306,35,3909,2025.0,Animation,G,73.0,75.0,172949.0,314.0
516,Beauty and the Beast,90.0, Chris McKay, Warner Bros. Pictures  , PG ,90,368,80,46349,2005.0,Adventure,PG,71.0,65.0,335082.0,943.0
517,Beauty and the Beast,90.0, Chris McKay, Warner Bros. Pictures  , PG ,90,368,80,46349,2005.0,Animation,G,80.0,95.0,480203.0,400.0
518,Beauty and the Beast,90.0, Chris McKay, Warner Bros. Pictures  , PG ,90,368,80,46349,1999.0,Drama,R,31.0,,1832.0,18.0
519,The Shack,146.0, Gore Verbinski, 20th Century Fox  , R ,42,72,41,11489,2021.0,Drama,PG-13,63.0,32.0,39262.0,351.0
520,Aftermath,110.0, Martin Zandvliet, Sony Pictures Classics  , R ,91,53,89,4945,1996.0,Drama,R,53.0,,18904.0,293.0
521,Aftermath,110.0, Martin Zandvliet, Sony Pictures Classics  , R ,91,53,89,4945,1995.0,Drama,R,57.0,44.0,26898.0,198.0
522,John Wick: Chapter 2,97.0, Vincent Perez, X-Filme Creative Pool  , R ,58,268,49,544,2021.0,Action,R,74.0,75.0,512816.0,855.0
523,xXx: Return of Xander Cage,95.0, Van Flesher, Sundance Creative Distribution Initiative  , R,50,141,38,95,1999.0,Action,PG,52.0,42.0,97343.0,333.0
524,Resident Evil: The Final Chapter,110.0, D.J. Caruso, Paramount Pictures  , PG-13 ,45,100,37,25211,2023.0,Action,R,55.0,49.0,101139.0,349.0
525,Logan,106.0, Paul W.S. Anderson, Sony Pictures  , R ,37,405,48,59456,1997.0,Action,R,81.0,77.0,833398.0,1181.0
526,Fifty Shades Darker,135.0, James Mangold, 20th Century Fox  , R ,93,196,90,92432,2016.0,Drama,R,46.0,33.0,111914.0,247.0
527,War Machine,100.0, Jacques Audiard, Sundance Selects  , R ,87,91,83,4278,1969.0,Comedy,,60.0,56.0,50136.0,187.0
528,The Space Between Us,114.0, Michael Caton-Jones, Level 33 Entertainment  , NR,58,134,77,70,,Drama,PG-13,64.0,33.0,56258.0,214.0
529,Fist Fight,103.0, Roger Spottiswoode, Cleopatra Entertainment  , NR,77,130,76,4870,2023.0,Comedy,R,56.0,37.0,45692.0,144.0
530,The Great Wall,91.0, Richie Keen, Warner Bros. Pictures  , R ,24,227,40,13613,2002.0,Action,PG-13,59.0,42.0,147052.0,445.0
531,Before I Fall,66.0, Claude Barras, Rita Productions  , PG-13 ,99,121,88,6509,2020.0,Drama,PG,64.0,58.0,56897.0,195.0
532,Hounds of Love,80.0, Ash Brannon, Summit Premiere  , PG ,47,97,47,3033,1995.0,Crime,,65.0,73.0,13473.0,59.0
533,Get Out,108.0, Ben Young, Gunpowder & Sky  , NR,88,372,70,2007,1997.0,Horror,PG-13,78.0,85.0,699435.0,1534.0
534,Rings,71.0, Liam Lynch, Netflix  , NR,100,111,49,94,2017.0,Drama,R,45.0,25.0,43269.0,187.0
535,La La Land,100.0, Alexander Nevsky, ITN Distribution  , NR,13,444,17,48,2022.0,Comedy,R,80.0,94.0,673873.0,1738.0
536,Gold,128.0, Damien Chazelle, Liongate Films  , PG-13 ,91,183,81,70902,2005.0,Biography,R,67.0,49.0,69392.0,97.0
537,Gold,128.0, Damien Chazelle, Liongate Films  , PG-13 ,91,183,81,70902,2010.0,Action,R,54.0,48.0,12548.0,237.0
538,The Bye Bye Man,120.0, Lasse Hallstrom, Amblin Entertainment  , PG ,35,86,73,23037,1995.0,Drama,PG-13,43.0,37.0,26051.0,248.0
539,Underworld: Blood Wars,85.0, Richard Dewey, Magnolia Pictures  , NR,97,94,93,34,1954.0,Action,PG,57.0,23.0,81124.0,187.0
540,The Void,93.0, Raoul Peck, Magnolia Pictures  , PG-13 ,99,73,83,14211,2017.0,Horror,,59.0,62.0,41790.0,331.0
541,Rupture,90.0, Jeremy Gillespie , Screen Media Films  , NR,78,34,46,6091,1999.0,Horror,,49.0,35.0,7753.0,91.0
542,Monster Trucks,126.0, Mark Schmidt, Liberty Studios  , PG-13 ,45,94,59,1632,2023.0,Action,NR,57.0,41.0,18964.0,86.0
543,The Founder,95.0, Peter Hutchings, BCDF Pictures  , PG-13 ,50,237,47,2888,1985.0,Biography,NR,72.0,66.0,177963.0,295.0
544,Sand Castle,104.0, Youssef Delara, Ankle Sock & Baseball Pants  , PG-13 ,67,17,76,1584,2015.0,Action,R,63.0,45.0,27410.0,72.0
545,Sleepless,116.0, M. Night Shyamalan, Universal Pictures  , PG-13 ,77,61,79,53321,2024.0,Action,R,56.0,34.0,34256.0,140.0
546,Lion,98.0, Gregori Viens, Whitewater Films  , NR,83,261,63,336,2019.0,Biography,G,80.0,69.0,251602.0,513.0
547,Hidden Figures,120.0, Garth Davis, See-Saw Films  , PG-13 ,85,310,91,39664,2024.0,Biography,PG,78.0,74.0,255902.0,457.0
548,Toni Erdmann,127.0, Ted Melfi, 20th Century Fox  , PG ,93,231,93,58319,1945.0,Comedy,R,73.0,93.0,52138.0,124.0
549,Sandy Wexler,162.0, Maren Ade, Sony Pictures Classics  , R ,93,22,73,6225,,Comedy,,52.0,40.0,18910.0,122.0
550,Brimstone,82.0, Stephen Apkon, Reconsider  , NR,100,75,64,186,2022.0,Drama,R,70.0,45.0,45270.0,286.0
551,A Monster Calls,132.0, David Yates (II), Warner Bros. Pictures  , PG-13 ,74,260,79,87744,2020.0,Adventure,PG,74.0,76.0,93957.0,230.0
552,Evolution,95.0, Natalie Portman, Focus World  , PG-13 ,71,62,50,2471,1997.0,Comedy,PG,61.0,40.0,136406.0,427.0
553,Why Him?,81.0, Lucile Hadzihalilovic, Les Films du Worso  , NR,82,153,45,2489,2003.0,Comedy,R,62.0,39.0,123894.0,214.0
554,Sing,111.0, John Hamburg, 20th Century Fox  , R ,39,181,51,22287,2023.0,Animation,G,71.0,59.0,191705.0,274.0
555,Paterson,96.0, Pedro Almodóvar, El Deseo  , R ,84,252,74,4886,2023.0,Comedy,R,73.0,90.0,89108.0,273.0
556,Office Christmas Party,93.0, Shamim Sarif, Enlightenment Productions  , PG-13 ,9,182,43,237,2022.0,Comedy,R,59.0,42.0,88265.0,203.0
557,The Discovery,130.0, Peter Berg, CBS Films  , R ,80,60,86,25955,2014.0,Drama,,62.0,54.0,37490.0,108.0
558,Solace,116.0, Justin Kurzel, 20th Century Fox  , PG-13 ,18,51,43,57346,1934.0,Crime,R,64.0,36.0,68993.0,199.0
559,Passengers,102.0, Afonso Poyart, Lionsgate Premiere  , R ,25,274,43,5076,1996.0,Drama,PG,70.0,41.0,448811.0,942.0
560,Passengers,102.0, Afonso Poyart, Lionsgate Premiere  , R ,25,274,43,5076,1998.0,Mystery,PG-13,58.0,40.0,39304.0,136.0
561,Jackie,104.0, Bentley Dean, Screen Australia  , NR,92,341,77,767,1995.0,Biography,PG,67.0,81.0,83513.0,291.0
562,The Eyes of My Mother,95.0, Pablo Larraín, Fox Searchlight Pictures  , R ,87,96,60,28355,1929.0,Drama,R,62.0,63.0,14490.0,88.0
563,Collateral Beauty,77.0, Nicolas Pesce, Magnet Releasing  , R ,78,180,57,3267,1999.0,Drama,PG-13,68.0,23.0,105092.0,368.0
564,The Love Witch,89.0, Matthew Newton, No Place for Films  , NR,92,109,75,129,2013.0,Comedy,,62.0,82.0,19976.0,149.0
565,A Kind of Murder,114.0, André Téchiné, Fidélité Films  , NR,95,16,74,606,2016.0,Crime,R,53.0,50.0,8627.0,49.0
566,Fences,95.0, Andy Goddard, Killer Films  , R ,38,258,14,492,2021.0,Drama,PG,72.0,79.0,118298.0,351.0
567,Elle,133.0, Denzel Washington, Paramount Pictures  , PG-13 ,92,235,75,36174,2016.0,Crime,R,71.0,89.0,71230.0,142.0
568,New Life,114.0, Sunny Luk, Edko Films  , NR,56,7,57,508,2023.0,Horror,,55.0,,1065.0,12.0
569,Resistance,96.0, Gerard McMurray, Netflix  , NR,88,17,62,308,2019.0,Biography,R,65.0,53.0,8984.0,99.0
570,Doctor Strange,92.0, Amit Gupta, Metrodome Distribution  , NR,65,364,16,379,2022.0,Action,PG,75.0,72.0,806624.0,917.0
571,Moana,130.0, Scott Derrickson, Walt Disney Pictures  , PG-13 ,89,273,86,110078,2007.0,Animation,G,76.0,81.0,379322.0,516.0
572,Moana,130.0, Scott Derrickson, Walt Disney Pictures  , PG-13 ,89,273,86,110078,2019.0,Adventure,,,,,0.0
573,Shut In,103.0, Ron Clements, Walt Disney Pictures  , PG ,96,43,89,69213,2013.0,Drama,R,57.0,39.0,14270.0,59.0
574,Shut In,103.0, Ron Clements, Walt Disney Pictures  , PG ,96,43,89,69213,2022.0,Drama,PG-13,48.0,25.0,14943.0,70.0
575,Shut In,103.0, Ron Clements, Walt Disney Pictures  , PG ,96,43,89,69213,2004.0,Thriller,,58.0,,10948.0,255.0
576,Manchester by the Sea,105.0, Maggie Greenwald, Monterey Media  , R ,64,339,60,147,2012.0,Drama,PG,78.0,96.0,314558.0,727.0
577,Allied,105.0, Katie Holmes, Jaro/Noelle Productions  , NR,42,248,48,228,1965.0,Action,R,71.0,60.0,170073.0,260.0
578,Moonlight,92.0, Shawn Crahan, Blackmrkt  , R ,33,374,31,171,1979.0,Drama,R,74.0,99.0,332361.0,791.0
579,American Pastoral,57.0, Amy Schumer, Netflix  , NR,50,118,5,764,1999.0,Crime,R,61.0,43.0,18074.0,68.0
580,Trolls,105.0, Nadav Lapid, Corinth Films  , NR,61,161,47,175,2021.0,Animation,G,64.0,55.0,92194.0,182.0
581,Billy Lynn's Long Halftime Walk,116.0, Ben Younger, Open Road Films  , R ,69,158,69,8822,2024.0,Action,R,62.0,53.0,24116.0,88.0
582,Christine,104.0, Brian Perkins, Alive Mind  , NR,100,123,70,317,2004.0,Horror,PG,68.0,57.0,92624.0,271.0
583,The Edge of Seventeen,115.0, Antonio Campos, Borderline Films  , R ,88,207,71,5488,2012.0,Comedy,R,73.0,77.0,140563.0,281.0
584,Arrival,98.0, Darren Lynn Bousman, Dark Web Productions  , R ,35,417,28,443,2023.0,Drama,PG,79.0,81.0,773713.0,1589.0
585,Priceless,116.0, Denis Villeneuve, 21 Laps Entertainment  , PG-13 ,94,5,82,82903,1961.0,Crime,PG-13,60.0,41.0,4150.0,51.0
586,In Dubious Battle,66.0, Jay Oliva, WARNER BROTHERS PICTURES  , R,78,23,68,1065,2024.0,Crime,R,60.0,43.0,4525.0,24.0
587,Masterminds,140.0, Ai Weiwei, Amazon Studios and Participant Media  , PG-13 ,91,96,81,1607,1995.0,Biography,R,58.0,47.0,60033.0,114.0
588,Inferno,90.0, Jared Hess, Relativity Media  , PG-13 ,33,247,35,27402,2008.0,Action,PG,62.0,42.0,190026.0,311.0
589,Inferno,90.0, Jared Hess, Relativity Media  , PG-13 ,33,247,35,27402,2005.0,Horror,PG,65.0,69.0,24062.0,154.0
590,The Light Between Oceans,121.0, Ron Howard, Sony Pictures  , PG-13 ,23,229,36,28704,2022.0,Drama,PG-13,72.0,60.0,60144.0,139.0
591,Jack Reacher: Never Go Back,87.0, Malik Vitthal, Netflix  , NR,92,234,82,625,2020.0,Action,PG,61.0,47.0,175648.0,349.0
592,Loving,91.0, Zach Clark, Wraith Films  , NR,94,283,55,554,2005.0,Biography,PG-13,70.0,79.0,36407.0,117.0
593,The Monster,84.0, Eve Marson, Diamond Docs  , NR,83,47,48,236,2004.0,Drama,R,54.0,69.0,19404.0,170.0
594,Max Steel,97.0, Gonzalo López-Gallego, Vertical Entertainment  , R ,36,21,31,426,1993.0,Action,PG-13,46.0,22.0,20588.0,94.0
595,Deepwater Horizon,100.0, Stewart Hendler, Open Road Films  , PG-13 ,0,253,48,6823,2016.0,Action,PG,71.0,68.0,182920.0,255.0
596,Ouija: Origin of Evil,101.0, Greg Mottola, 20th Century Fox  , PG-13 ,20,120,37,14106,1934.0,Drama,R,62.0,65.0,73272.0,218.0
597,USS Indianapolis: Men of Courage,96.0, Leslie Small, Universal Pictures  , R ,76,12,58,10363,2007.0,Action,R,53.0,30.0,14360.0,165.0
598,The Accountant,135.0, Mario Van Peebles, Saban Films  , R ,17,278,30,2213,2012.0,Action,R,73.0,51.0,322676.0,537.0
599,The Girl on the Train,91.0, Jayro Bustamante, La Casa de Production  , NR,100,298,74,1217,2016.0,Crime,R,65.0,48.0,199662.0,442.0
600,The Whole Truth,90.0, Stephen Dunn, Rhombus Media  , NR,80,30,72,2277,2023.0,Crime,R,62.0,46.0,33104.0,99.0
601,Denial,93.0, Courtney Hunt, PalmStar Media  , PG-13 ,30,164,32,932,2020.0,Biography,PG-13,68.0,63.0,23559.0,84.0
602,The Birth of a Nation,110.0, Mick Jackson, Participant Media  , PG-13 ,82,262,71,9317,2014.0,Biography,R,65.0,69.0,21844.0,110.0
603,The Birth of a Nation,110.0, Mick Jackson, Participant Media  , PG-13 ,82,262,71,9317,2021.0,Drama,G,61.0,,26378.0,387.0
604,I'm Not Ashamed,90.0, Sean Brenden Brosnan, KnightMarcher  , NR,64,10,48,148,1973.0,Biography,PG-13,58.0,31.0,4188.0,77.0
605,The Dressmaker,85.0, Robert Greene, Factory 25  , NR,91,133,49,154,2008.0,Comedy,R,70.0,47.0,65663.0,170.0
606,Miss Peregrine's Home for Peculiar Children,118.0, Jocelyn Moorhouse, Amazon Studios & Broad Green Pictures  , R ,56,245,66,9911,1991.0,Adventure,G,67.0,57.0,189002.0,337.0
607,Ben-Hur,127.0, Tim Burton, 20th Century Fox  , PG-13 ,64,188,60,38815,2017.0,Adventure,G,81.0,90.0,254030.0,429.0
608,Ben-Hur,127.0, Tim Burton, 20th Century Fox  , PG-13 ,64,188,60,38815,2007.0,Action,PG-13,57.0,38.0,46906.0,190.0
609,Suicide Squad,100.0, D.J. Caruso, Relativity Studios  , R ,0,370,17,3412,1991.0,Action,PG,59.0,40.0,723050.0,1745.0
610,The Magnificent Seven,123.0, David Ayer, Warner Bros. Pictures  , PG-13 ,27,306,59,145509,1997.0,Action,PG,69.0,54.0,228630.0,466.0
611,The Magnificent Seven,123.0, David Ayer, Warner Bros. Pictures  , PG-13 ,27,306,59,145509,1999.0,Action,,77.0,74.0,102708.0,285.0
612,Snowden,132.0, Antoine Fuqua, Sony Pictures  , PG-13 ,64,255,72,49097,2021.0,Biography,R,73.0,58.0,163231.0,246.0
613,Storks,93.0, Jon Cassar, Sony Pictures  , PG-13 ,13,136,45,6594,2002.0,Animation,G,68.0,56.0,67513.0,118.0
614,Sully,87.0, Nicholas Stoller, Warner Bros. Pictures  , PG ,66,337,62,24823,2025.0,Biography,R,74.0,74.0,298654.0,421.0
615,Greater,80.0, Kent Jones, Cohen Media Group LLC  , PG-13 ,96,15,76,6101,2021.0,Biography,PG,74.0,35.0,8262.0,77.0
616,31,92.0, Steve Carr, James Patterson Entertainment  , PG ,63,45,58,5352,1997.0,Horror,R,51.0,35.0,23022.0,192.0
617,American Honey,120.0, Jan 25, Global Star Productions  , NR,100,208,51,971,2009.0,Adventure,R,70.0,80.0,46543.0,202.0
618,In a Valley of Violence,116.0, Hannes Holm, Tre Vänner Produktion AB  , PG-13 ,90,68,87,9756,2023.0,Action,R,61.0,64.0,20853.0,155.0
619,Blair Witch,97.0, James Steven Sadwith, Red Hat Films  , PG-13 ,70,216,65,348,2021.0,Horror,R,50.0,47.0,49671.0,301.0
620,Morgan,95.0, Paul Schrader, Ingenious Media  , NR,50,151,18,711,2023.0,Action,R,58.0,48.0,46164.0,137.0
621,Pet,104.0, Vikram Gandhi, Netflix  , NR,80,18,52,863,1999.0,Horror,R,57.0,48.0,18865.0,89.0
622,Phantasm,85.0, Sasha Gordon, Vandewater Media  , R ,60,45,42,146,2022.0,Horror,R,66.0,72.0,41346.0,310.0
623,The Secret Life of Pets,88.0, Don Coscarelli, Well Go USA Entertainment  , R,73,228,67,24605,1997.0,Animation,PG,65.0,61.0,217739.0,258.0
624,Jason Bourne,88.0, Oren Shai, Rocking Films  , NR,50,317,50,71,1999.0,Action,PG,66.0,58.0,242383.0,546.0
625,Sugar Mountain,123.0, Paul Greengrass, Universal  , PG-13 ,54,11,55,56807,2011.0,Drama,,55.0,,4278.0,51.0
626,The Hollars,106.0, Richard Gray, Screen Media Films  , NR,36,90,35,244,2024.0,Comedy,PG-13,66.0,53.0,14539.0,59.0
627,Bridget Jones's Baby,75.0, Laurie Anderson, Canal Street Communications  , NR,96,207,64,2687,2023.0,Comedy,R,65.0,59.0,82456.0,116.0
628,Florence Foster Jenkins,80.0, Justin Tipping, Animal Kingdom  , R ,87,224,73,1981,2024.0,Biography,G,68.0,71.0,59633.0,169.0
629,Finding Dory,127.0, Chantal Akerman, Shellac Distribution  , NR,85,326,43,227,1954.0,Animation,G,72.0,77.0,304177.0,358.0
630,The BFG,93.0, Cindy Baer, Free Dream Pictures  , NR,100,293,83,44,2000.0,Adventure,PG,63.0,66.0,93389.0,228.0
631,Yoga Hosers,115.0, Steven Spielberg, Walt Disney Pictures  , PG ,75,60,57,37961,2024.0,Action,PG-13,42.0,23.0,15512.0,103.0
632,Mechanic: Resurrection,88.0, Kevin Smith, Invincible Pictures  , PG-13 ,23,57,34,4600,2024.0,Action,PG,57.0,38.0,93576.0,204.0
633,Don't Breathe,110.0, Dennis Gansel, Summit Entertainment  , R ,32,227,40,25603,2005.0,Crime,R,71.0,71.0,301326.0,627.0
634,Kubo and the Two Strings,88.0, Fede Alvarez, Ghost House Pictures  , R ,88,217,78,40457,2012.0,Animation,G,77.0,84.0,138582.0,235.0
635,Pete's Dragon,101.0, Travis Knight, Focus Features  , PG ,97,238,86,35384,2002.0,Animation,,63.0,46.0,26562.0,99.0
636,Pete's Dragon,101.0, Travis Knight, Focus Features  , PG ,97,238,86,35384,2002.0,Action,PG,67.0,71.0,61727.0,149.0
637,War Dogs,90.0, David Lowery, Walt Disney Pictures  , PG ,88,228,72,37134,2012.0,Biography,R,71.0,57.0,255091.0,235.0
638,Absolutely Fabulous: The Movie,98.0, Werner Herzog, Saville Productions  , PG-13 ,93,151,67,5966,2013.0,Comedy,R,54.0,59.0,13233.0,77.0
639,Hands of Stone,90.0, Vincent Kesteloot, StudioCanal  , PG ,17,106,28,2982,2024.0,Biography,R,66.0,54.0,17585.0,45.0
640,Hell or High Water,105.0, Jonathan Jakubowicz, Fuego Films  , R ,44,276,52,5265,2016.0,Crime,PG-13,76.0,88.0,253017.0,423.0
641,Be My Cat: A Film for Anne,90.0, Chris McCoy, Depth of Field  , R ,33,6,42,399,2008.0,Crime,,57.0,,2400.0,41.0
642,Life on the Line,87.0, Adrian Tofei, Terror Films  , NR,83,15,62,69,1999.0,Action,R,52.0,24.0,6266.0,60.0
643,Army of One,85.0, Alexandre Lehmann, Duplass Brothers  , NR,90,12,77,2367,1983.0,Action,,45.0,,6280.0,169.0
644,Army of One,85.0, Alexandre Lehmann, Duplass Brothers  , NR,90,12,77,2367,1997.0,Biography,R,52.0,43.0,8947.0,59.0
645,Star Trek Beyond,109.0, Alan Mak, Icon  , NR,57,302,36,931,2012.0,Action,PG,70.0,68.0,258808.0,638.0
646,Sausage Party,120.0, Justin Lin, Paramount Pictures  , PG-13 ,86,230,80,74415,2017.0,Animation,R,61.0,66.0,210464.0,447.0
647,The Sea of Trees,90.0, Alex Winter, EPIX  , NR,79,48,71,675,1973.0,Drama,PG-13,61.0,23.0,17852.0,116.0
648,Imperium,89.0, Barnet Bain, BUCK Productions  , PG ,38,71,70,167,2019.0,Biography,R,65.0,68.0,50034.0,113.0
649,Bad Moms,110.0, Clay Tweel, Dear Rivers Production  , R ,96,166,90,3882,2008.0,Comedy,R,62.0,60.0,134681.0,250.0
650,Anthropoid,98.0, Jeff Wadlow, Netflix  , NR,0,104,43,912,1989.0,Action,R,72.0,59.0,54338.0,129.0
651,I Am the Pretty Thing That Lives in the House,72.0, William Dozier, Warner Bros. Animation  , PG ,94,19,67,476,2019.0,Drama,,46.0,68.0,15932.0,279.0
652,Ghostbusters,99.0, Sidney J. Furie, Paramount Pictures  , R,33,378,44,356,2002.0,Action,PG,78.0,71.0,451499.0,603.0
653,Ghostbusters,99.0, Sidney J. Furie, Paramount Pictures  , R,33,378,44,356,1996.0,Action,PG,68.0,60.0,246861.0,2116.0
654,Alice Through the Looking Glass,119.0, Roland Emmerich, 20th Century Fox  , PG-13 ,29,252,30,75001,2001.0,Adventure,G,62.0,34.0,122561.0,218.0
655,Ice Age: Collision Course,108.0, James Bobin, Walt Disney Pictures  , PG ,29,118,48,37801,2024.0,Animation,G,57.0,34.0,75053.0,124.0
656,The Legend of Tarzan,100.0, Mike Thurmeier, 20th Century Fox  , PG ,18,246,39,33013,2021.0,Action,PG,62.0,44.0,188877.0,407.0
657,The Beat Beneath My Feet,107.0, Renny Harlin, Saban Films  , PG-13 ,38,8,27,2616,1994.0,Comedy,,64.0,,1697.0,13.0
658,Café Society,92.0, John Williams, Level 33 Entertainment  , NR,50,251,48,142,2023.0,Comedy,PG-13,66.0,64.0,81381.0,166.0
659,Captain Fantastic,120.0, Christopher Guest, Netflix  , NR,49,222,36,664,2016.0,Comedy,R,78.0,72.0,235472.0,453.0
660,Lights Out,119.0, Matt Ross, Electric City Entertainment  , R ,82,175,85,22134,2025.0,Action,R,48.0,,1117.0,12.0
661,Lights Out,119.0, Matt Ross, Electric City Entertainment  , R ,82,175,85,22134,2017.0,Horror,R,63.0,58.0,142617.0,350.0
662,Our Kind of Traitor,81.0, David F. Sandberg, RatPac-Dune Entertainment  , PG-13 ,76,139,61,27396,1983.0,Action,R,62.0,57.0,23924.0,70.0
663,Nerve,76.0, Kevin Macdonald, Netflix  , NR,100,136,84,286,2018.0,Action,PG,65.0,58.0,140436.0,243.0
664,Mr. Church,100.0, Thomas Dekker, Yale Productions  , R ,18,33,29,174,2023.0,Comedy,PG-13,76.0,37.0,31337.0,229.0
665,Spaceman,87.0, Ray Yeung, NewVoice Production  , NR,82,8,50,254,2022.0,Adventure,R,57.0,55.0,33226.0,324.0
666,Warcraft,90.0, Jonathan Demme, Netflix  , NR,100,229,78,11,1965.0,Action,PG,67.0,32.0,279235.0,872.0
667,Cell,100.0, Duncan Jones, Universal Pictures  , PG-13 ,28,54,76,31522,2017.0,Action,R,44.0,38.0,30732.0,245.0
668,X-Men: Apocalypse,98.0, Tod Williams, Saban Films  , R ,11,337,17,3799,1991.0,Action,PG,69.0,52.0,461857.0,602.0
669,The Infiltrator,118.0, Mohsen Makhmalbaf, Corinth Films  , PG-13,84,179,68,585,2024.0,Biography,R,70.0,66.0,78954.0,109.0
670,Mike and Dave Need Wedding Dates,127.0, Brad Furman, Broad Green Pictures  , R ,72,168,71,19046,1989.0,Comedy,R,60.0,51.0,95341.0,149.0
671,The Purge: Election Year,98.0, Jake Szymanski, 20th Century Fox  , R ,37,158,51,28102,2013.0,Action,R,60.0,55.0,110250.0,203.0
672,The Siege of Jadotville,105.0, James DeMonaco, Universal Pictures  , R ,56,11,48,38281,2022.0,Action,,72.0,,44459.0,133.0
673,Swiss Army Man,89.0, Roger Ross Williams, A&E IndieFilms  , PG ,94,204,81,3771,2024.0,Comedy,R,69.0,64.0,133811.0,367.0
674,Blood Father,120.0, Anthony C. Ferrante, The Asylum  , NR,14,97,24,515,2012.0,Action,R,64.0,66.0,67722.0,189.0
675,Cat People,85.0, Anthony Stabley, Super Grande Films  , NR,100,48,79,73,2018.0,Fantasy,R,62.0,61.0,23953.0,115.0
676,The Conjuring 2,73.0, Jacques Tourneur, RKO Pictures  , R,94,247,73,7769,2019.0,Horror,PG,73.0,65.0,301187.0,548.0
677,Captain America: Civil War,133.0, James Wan, Warner Bros. Pictures  , R ,81,406,81,54340,2018.0,Action,PG,78.0,75.0,851745.0,1031.0
678,Teenage Mutant Ninja Turtles: Out of the Shadows,93.0, Jessica Yu, Participant Media  , PG-13 ,40,170,38,68,2021.0,Action,PG,59.0,40.0,99939.0,204.0
679,Central Intelligence,97.0, Dave Green, Paramount Pictures  , PG-13 ,37,186,47,53588,2024.0,Action,PG,63.0,52.0,213905.0,226.0
680,Free State of Jones,92.0, Nicholas Stoller, Universal Pictures  , R ,63,187,44,51591,2024.0,Action,R,69.0,53.0,62544.0,168.0
681,The Neon Demon,139.0, Gary Ross, STX Entertainment  , R ,47,253,64,20788,2012.0,Horror,R,61.0,51.0,104078.0,403.0
682,Popstar: Never Stop Never Stopping,110.0, Nicolas Winding Refn, Space Rocket Nation  , R ,59,168,51,9024,2013.0,Comedy,R,67.0,68.0,68569.0,147.0
683,The Shallows,105.0, Johanna Schwartz, Mojo Music  , NR,100,214,61,184,1988.0,Action,R,63.0,59.0,143611.0,421.0
684,Goat,95.0, Bonni Cohen, Netflix  , NR,81,75,73,511,2020.0,Horror,,,,,0.0
685,Hunt for the Wilderpeople,96.0, Andrew Neel, Killer Films  , R ,79,195,44,4011,2025.0,Adventure,PG,78.0,81.0,142177.0,321.0
686,The Good Neighbor,90.0, Sophie Goodhart, Low Spark Films  , R ,81,14,56,1672,2022.0,Crime,R,60.0,49.0,13411.0,51.0
687,Now You See Me 2,115.0, Kenji Mizoguchi, Criterion Collection  , NR,93,191,91,770,1999.0,Action,PG,64.0,46.0,321946.0,329.0
688,The Jungle Book,115.0, Orson Welles, Internacional Films  , NR,98,320,85,2452,2021.0,Animation,PG,74.0,77.0,292405.0,504.0
689,The Jungle Book,115.0, Orson Welles, Internacional Films  , NR,98,320,85,2452,2013.0,Animation,G,76.0,65.0,199009.0,166.0
690,The Jungle Book,115.0, Orson Welles, Internacional Films  , NR,98,320,85,2452,2015.0,Adventure,PG,60.0,63.0,18965.0,45.0
691,Me Before You,115.0, Jon M. Chu, Lionsgate  , PG-13 ,34,174,53,66978,1996.0,Drama,PG,74.0,51.0,288184.0,379.0
692,Equals,110.0, Thea Sharrock, Warner Bros. Pictures  , PG-13 ,56,82,73,30598,1995.0,Drama,PG-13,60.0,43.0,32864.0,166.0
693,Money Monster,102.0, Liz Garbus, Netflix  , NR,89,274,85,1743,2010.0,Action,R,65.0,55.0,105413.0,158.0
694,A Bigger Splash,88.0, Jack Pettibone Riccobono, Sundial Pictures  , NR,92,179,53,372,2021.0,Drama,R,64.0,74.0,32977.0,87.0
695,The Ones Below,124.0, Luca Guadagnino, StudioCanal  , R ,90,48,58,8541,2025.0,Drama,R,61.0,63.0,11104.0,43.0
696,Genius,100.0, Lorene Scafaria, Anonymous Content  , PG-13 ,85,109,56,9235,2010.0,Biography,PG-13,65.0,56.0,21400.0,65.0
697,Love & Friendship,101.0, Jarret Kerr, Copperline Creative  , R,38,205,64,236,1995.0,Comedy,PG,64.0,87.0,26451.0,118.0
698,Marauders,104.0, Billy O'Brien (III) , Floodland Pictures  , NR,93,19,61,4273,1993.0,Action,R,55.0,42.0,23842.0,141.0
699,The Neighbor,120.0, Christopher Louie, Netflix  , NR,71,6,52,514,2017.0,Romance,R,48.0,,6116.0,134.0
700,The Angry Birds Movie,112.0, Otto Preminger, Paramount Pictures  , PG,22,159,10,139,2008.0,Animation,PG,63.0,43.0,104138.0,178.0
701,A Hologram for the King,72.0, Eric Chaney, Vanished and Gone  , NR,20,146,65,122,2020.0,Comedy,R,61.0,58.0,47517.0,142.0
702,Clown,95.0, Clay Kaytis, Sony Pictures  , PG ,43,24,46,29374,2017.0,Horror,R,57.0,42.0,26354.0,121.0
703,The Nice Guys,99.0, Jon Watts," Dimension Films, Anchor Bay Entertainment  ", R ,46,305,37,4803,2024.0,Action,R,74.0,70.0,374758.0,541.0
704,The Huntsman: Winter's War,94.0, Kevin Munroe, Focus Features  , PG ,21,211,42,9591,1999.0,Action,PG,61.0,35.0,119635.0,164.0
705,Summer Camp,116.0, Shane Black, Warner Bros. Pictures  , R ,92,10,79,55996,2023.0,Comedy,PG-13,,,,0.0
706,The Man Who Knew Infinity,116.0, Gabriele Muccino, Voltage Pictures  , R ,28,128,58,2377,2019.0,Biography,G,72.0,56.0,62270.0,141.0
707,Maggie's Plan,135.0, Terence Davies, Iris Productions  , R ,81,179,50,2593,1976.0,Comedy,R,62.0,76.0,18359.0,46.0
708,Sundown,96.0, Elyse Steinberg, Motto Pictures  , R ,97,11,83,7885,1995.0,Drama,R,65.0,70.0,6764.0,50.0
709,Amateur Night,102.0, Steven Caple Jr., Low Spark Films  , R ,68,6,61,534,2006.0,Comedy,,51.0,38.0,6318.0,27.0
710,The Bronze,115.0, Raman Hui, Edko Films  , NR,66,99,49,650,2004.0,Comedy,R,61.0,44.0,13499.0,74.0
711,Keanu,105.0, Joachim Trier, Motlys AS  , R ,73,175,52,3082,2021.0,Action,R,62.0,63.0,52047.0,122.0
712,The Lobster,75.0, Kelly Nyks, PF Pictures  , NR,92,254,84,3225,2023.0,Drama,R,71.0,82.0,297733.0,699.0
713,Mother's Day,118.0, Yorgos Lanthimos, A24 Films  , R ,88,155,65,34274,1996.0,Comedy,PG,56.0,18.0,40002.0,132.0
714,Mother's Day,118.0, Yorgos Lanthimos, A24 Films  , R ,88,155,65,34274,1995.0,Comedy,,53.0,1.0,6271.0,109.0
715,Mother's Day,118.0, Yorgos Lanthimos, A24 Films  , R ,88,155,65,34274,2004.0,Drama,R,62.0,34.0,18408.0,102.0
716,High-Rise,119.0, Garry Marshall, Open Road Films  , PG-13 ,6,215,44,14006,2007.0,Drama,R,55.0,65.0,45224.0,201.0
717,Viral,110.0, Wayne Blair, Millennium Films  , PG-13 ,31,14,42,246,2020.0,Drama,R,55.0,,9753.0,52.0
718,High Strung,94.0, Deon Taylor, Hidden Empire Film Group  , R ,17,8,73,6874,1993.0,Drama,PG,63.0,48.0,10308.0,27.0
719,The Trust,97.0, Michael Damian, Riviera Films  , PG ,75,46,64,866,2014.0,Action,R,55.0,58.0,20839.0,117.0
720,Batman: The Killing Joke,90.0, Anthony DiBlasi, Jennifer Hutchinson  , NR,40,40,11,207,1969.0,Animation,PG,64.0,,61612.0,164.0
721,Criminal,124.0, James Napier Robertson, Southern Light Films  , R ,97,134,77,6028,2004.0,Action,PG,63.0,36.0,70763.0,214.0
722,Everybody Wants Some!!,92.0, Chuck Russell, LionsGate Entertainment  , R ,11,234,33,1425,1996.0,Comedy,R,69.0,85.0,58857.0,157.0
723,The Boss,117.0, Richard Linklater, Paramount Pictures  , R ,87,188,68,15574,2008.0,Comedy,PG,54.0,40.0,48707.0,132.0
724,Green Room,81.0, Chad Gracia, Rattapallax  , NR,96,235,68,500,2024.0,Crime,R,70.0,79.0,139533.0,325.0
725,Demolition,112.0, Malcolm D. Lee, Warner Bros. Pictures  , PG-13 ,90,204,66,19802,2022.0,Comedy,R,70.0,49.0,112523.0,184.0
726,Hardcore Henry,120.0, Arnaud Desplechin, Magnolia Pictures  , R ,89,144,49,1365,2018.0,Action,R,67.0,51.0,102051.0,408.0
727,Sing Street,131.0, Zhangke Jia, Arte France Cinéma  , NR,91,205,67,678,2004.0,Comedy,PG-13,79.0,79.0,101119.0,205.0
728,Whiskey Tango Foxtrot,100.0, Joseph Mazzello, Dead Fish Films  , NR,25,207,74,323,1996.0,Biography,R,66.0,57.0,56732.0,128.0
729,Adventures in Babysitting,93.0, May 13, Focus World  , R ,11,6,32,1592,2012.0,Adventure,G,69.0,45.0,49254.0,155.0
730,Circle,81.0, Alê Abreu, GKIDS  , PG ,93,5,76,2485,2024.0,Drama,,60.0,,66276.0,251.0
731,I Saw the Light,87.0, Aaron Hann, Taggart Productions  , NR,60,154,42,1319,2005.0,Biography,R,58.0,47.0,8274.0,74.0
732,"Hail, Caesar!",108.0, Christian Sesma, Oscar Gold Productions  , R ,14,353,69,216,2007.0,Comedy,PG,63.0,72.0,143290.0,380.0
733,Careful What You Wish For,100.0, Francesco Cinquemani, Ambi Pictures  , R ,0,24,14,200,2024.0,Drama,R,56.0,32.0,8678.0,31.0
734,Race,91.0, Elizabeth Allen, Hyde Park Entertainment  , R ,17,156,61,2715,2001.0,Biography,PG,71.0,56.0,41019.0,62.0
735,Triple 9,108.0, Byron Howard, Walt Disney Animation Studios  , PG ,98,177,92,101223,1997.0,Action,R,63.0,52.0,77186.0,181.0
736,Risen,103.0, Owen Harris, Altitude Film Entertainment  , NR,23,129,33,1582,2023.0,Action,PG,63.0,51.0,30910.0,183.0
737,Risen,103.0, Owen Harris, Altitude Film Entertainment  , NR,23,129,33,1582,1983.0,Drama,,35.0,,3224.0,230.0
738,Anomalisa,97.0, Robert Edwards, Maybach Film Productions  , NR,53,266,30,318,2024.0,Animation,R,72.0,88.0,75378.0,175.0
739,Mr. Right,100.0, Ian Edelman, Focus World  , R ,36,52,36,399,2012.0,Action,R,63.0,52.0,61265.0,272.0
740,Colonia,80.0, Felix Thompson, Well Go USA  , NR,94,47,73,826,2007.0,Biography,R,70.0,33.0,57266.0,105.0
741,The Other Side of the Door,96.0, Charlie Kaufman, Starburns Industries  , R ,92,37,71,19600,1981.0,Horror,R,53.0,41.0,19262.0,79.0
