Title,Certificate_x,Director_x,Runtime_x,Studio,RT Critics Score,RT Critic Reviews,RT Audience Score,RT Audience Reviews,Year,Genre,iMDb Critics Score,iMDb Metascore,iMDb Audience Reviews,iMDb Critic Reviews
The Angry Birds Movie 2,PG, Thurop Van Orman,100.0, Columbia Pictures  ,73.0,107.0,84.0,4023.0,2014.0,Animation,64.0,60.0,35376.0,167.0
Dora and the Lost City of Gold,PG, James Bobin,102.0, Paramount Pictures  ,84.0,148.0,88.0,6715.0,1985.0,Action,61.0,63.0,34806.0,291.0
Good Boys,R, Gene Stupnitsky,95.0, Universal Pictures  ,80.0,237.0,86.0,13007.0,2003.0,Adventure,67.0,,81961.0,604.0
Brian Banks,PG-13, Tom Shadyac,99.0, Bleecker Street  ,61.0,69.0,97.0,1831.0,2023.0,Biography,72.0,58.0,9274.0,60.0
The Farewell,PG, Lulu Wang,98.0, A24  ,98.0,322.0,87.0,2490.0,2019.0,Comedy,75.0,89.0,71293.0,311.0
Angel Has Fallen,R, Ric Roman Waugh,114.0, Lionsgate  ,39.0,178.0,93.0,14666.0,2024.0,Action,64.0,45.0,110926.0,691.0
Official Secrets,R, Gavin Hood,112.0, IFC Films  ,83.0,156.0,89.0,361.0,2007.0,Biography,73.0,63.0,54727.0,221.0
The Peanut Butter Falcon,PG-13, Tyler Nilson,93.0, Roadside Attractions  ,96.0,200.0,96.0,4704.0,2002.0,Adventure,76.0,70.0,104193.0,556.0
Paradise Hills,NR, Alice Waddington,94.0, Samuel Goldwyn Films  ,64.0,61.0,82.0,330.0,2014.0,Fantasy,52.0,49.0,17562.0,138.0
Drive,NR, Tarun Mansukhani,118.0, Netflix  ,0.0,7.0,13.0,15.0,1997.0,Action,78.0,79.0,705913.0,1414.0
The King,R, David Michôd,133.0, Netflix  ,71.0,136.0,83.0,1794.0,2023.0,Biography,73.0,62.0,153433.0,820.0
Klaus,PG, Sergio Pablos,98.0, Netflix  ,94.0,63.0,97.0,1837.0,2020.0,Animation,82.0,65.0,190206.0,798.0
Primal,R, Nick Powell,97.0, Lionsgate  ,38.0,32.0,27.0,48.0,,Action,49.0,32.0,11212.0,146.0
Let It Snow,PG-13, Luke Snellin,92.0, Netflix  ,81.0,26.0,45.0,343.0,2020.0,Comedy,58.0,51.0,24991.0,200.0
Scary Stories to Tell in the Dark,NR, André Øvredal,120.0, CBS Films and Lionsgate  ,78.0,222.0,72.0,8238.0,2024.0,Adventure,62.0,61.0,85418.0,640.0
The Lion King,PG, Jeff Nathanson,110.0, Walt Disney Pictures  ,53.0,406.0,88.0,76333.0,2023.0,Animation,85.0,88.0,1144704.0,955.0
The Lion King,PG, Jeff Nathanson,110.0, Walt Disney Pictures  ,53.0,406.0,88.0,76333.0,1991.0,Animation,68.0,55.0,267546.0,2706.0
47 Meters Down: Uncaged,PG-13, Johannes Roberts,89.0, Entertainment Studios Motion Pictures  ,42.0,85.0,68.0,2475.0,2019.0,Adventure,50.0,43.0,30836.0,416.0
Girl on the Third Floor,NR, Travis Stevens,93.0, Queensbury Pictures  ,81.0,36.0,23.0,315.0,2014.0,Drama,47.0,65.0,11169.0,261.0
Sweetheart,NR, J.D. Dillard,82.0, Blumhouse  ,94.0,33.0,46.0,192.0,2007.0,Comedy,64.0,67.0,935.0,12.0
Blinded by the Light,PG-13, Gurinder Chadha,114.0, New Line Cinema  ,89.0,244.0,91.0,2634.0,2009.0,Comedy,69.0,71.0,27351.0,287.0
3 from Hell,R, Rob Zombie,122.0, Lionsgate  ,53.0,32.0,61.0,640.0,1996.0,Action,54.0,50.0,17977.0,308.0
Dolemite Is My Name,R, Craig Brewer,118.0, Netflix  ,97.0,215.0,91.0,113.0,2008.0,Biography,72.0,76.0,65033.0,355.0
The Laundromat,R, Steven Soderbergh,96.0, Netflix  ,42.0,159.0,41.0,798.0,2008.0,Comedy,63.0,57.0,54980.0,341.0
Tell Me Who I Am,NR, Ed Perkins,85.0, Netflix  ,96.0,27.0,89.0,137.0,2005.0,Documentary,76.0,69.0,16914.0,130.0
Trick,NR, Patrick Lussier,97.0, RLJE Films  ,32.0,25.0,45.0,51.0,2014.0,Comedy,72.0,,9260.0,129.0
Toy Story 4,G, Josh Cooley,90.0, Disney/Pixar  ,97.0,429.0,94.0,53144.0,2021.0,Animation,77.0,84.0,281032.0,1070.0
Stuber,R, Michael Dowse,105.0, 20th Century Fox  ,41.0,215.0,79.0,5394.0,2006.0,Action,62.0,42.0,51482.0,418.0
In the Shadow of the Moon,NR, Jim Mickle,115.0, Netflix  ,59.0,51.0,36.0,256.0,1989.0,Action,62.0,48.0,61301.0,438.0
In the Tall Grass,NR, Vincenzo Natali,90.0, Netflix  ,37.0,67.0,34.0,571.0,1994.0,Horror,55.0,46.0,64872.0,691.0
The Art of Self-Defense,R, Riley Stearns,104.0, Bleecker Street  ,84.0,158.0,63.0,631.0,1966.0,Action,66.0,65.0,40973.0,306.0
Bliss,NR, Joe Begos,79.0, Dark Sky Films  ,90.0,39.0,63.0,73.0,1995.0,Drama,54.0,40.0,20234.0,469.0
Bliss,NR, Joe Begos,79.0, Dark Sky Films  ,90.0,39.0,63.0,73.0,1955.0,Drama,60.0,,2889.0,27.0
El Camino: A Breaking Bad Movie,NR, Vince Gilligan,122.0, Netflix  ,91.0,121.0,81.0,4465.0,2019.0,Action,73.0,72.0,292670.0,1477.0
Fractured,NR, Brad Anderson,100.0, Netflix  ,61.0,28.0,50.0,406.0,2008.0,Drama,65.0,36.0,92794.0,911.0
Quartet,R, James Ivory,100.0, Cohen Film Collection  ,47.0,15.0,32.0,112.0,1986.0,Comedy,68.0,64.0,21221.0,120.0
Skin,R, Guy Nattiv,110.0, A24  ,76.0,78.0,84.0,296.0,2012.0,Biography,68.0,58.0,18867.0,79.0
American Dreamer,R, Derrick Borte,92.0, Saban Films  ,53.0,15.0,82.0,65.0,2005.0,Comedy,58.0,60.0,893.0,12.0
Prey,PG-13, Franck Khalfoun,85.0, Cinedigm  ,13.0,8.0,24.0,29.0,1996.0,Action,71.0,71.0,227953.0,2038.0
Annabelle Comes Home,R, Gary Dauberman,100.0, New Line Cinema  ,65.0,200.0,70.0,9405.0,1994.0,Horror,59.0,53.0,87360.0,722.0
Crawl,R, Alex Aja,87.0, Paramount Pictures  ,83.0,185.0,75.0,7593.0,2013.0,Action,61.0,60.0,94222.0,827.0
Midsommar,R, Ari Aster,140.0, A24  ,83.0,373.0,63.0,5229.0,2006.0,Drama,71.0,72.0,405108.0,3338.0
Between Two Ferns: The Movie,NR, Scott Aukerman,82.0, Netflix  ,74.0,58.0,44.0,257.0,2006.0,Comedy,61.0,59.0,36884.0,208.0
Running with the Devil,R, Jason Cabell,100.0, Quiver Distribution  ,25.0,24.0,40.0,110.0,1965.0,Crime,54.0,42.0,10264.0,110.0
Shaft,R, Tim Story,119.0, New Line Cinema  ,32.0,124.0,94.0,7727.0,2007.0,Action,64.0,40.0,58835.0,350.0
Shaft,R, Tim Story,119.0, New Line Cinema  ,32.0,124.0,94.0,7727.0,2018.0,Action,60.0,50.0,80879.0,297.0
Shaft,R, Tim Story,119.0, New Line Cinema  ,32.0,124.0,94.0,7727.0,2014.0,Action,66.0,66.0,21069.0,98.0
The Dead Don't Die,R, Jim Jarmusch,103.0, Focus Features  ,55.0,290.0,38.0,1784.0,1995.0,Comedy,55.0,53.0,85976.0,1375.0
Child's Play,R, Lars Klevberg,90.0, Orion Pictures  ,63.0,196.0,57.0,5796.0,2021.0,Horror,67.0,58.0,117066.0,339.0
Child's Play,R, Lars Klevberg,90.0, Orion Pictures  ,63.0,196.0,57.0,5796.0,2011.0,Drama,57.0,48.0,56398.0,829.0
Tall Girl,NR, Nzingha Stewart,102.0, Netflix  ,44.0,9.0,18.0,98.0,2011.0,Comedy,52.0,,26842.0,320.0
Yesterday,PG-13, Danny Boyle,112.0, Universal Pictures  ,63.0,338.0,89.0,14665.0,1964.0,Comedy,68.0,55.0,168074.0,958.0
Anna,R, Luc Besson,118.0, Summit Entertainment  ,36.0,67.0,81.0,2225.0,1997.0,Action,66.0,40.0,95610.0,747.0
Haunt,R, Scott Beck,92.0, Momentum Pictures  ,71.0,42.0,100.0,8.0,2013.0,Horror,63.0,69.0,37749.0,359.0
The Fanatic,R, Fred Durst,88.0, Quiver Distribution  ,16.0,58.0,31.0,258.0,2018.0,Crime,41.0,18.0,12454.0,285.0
Can You Keep a Secret?,NR, Elise Duran,95.0, Vertical Entertainment  ,27.0,11.0,40.0,146.0,2015.0,Comedy,54.0,35.0,20848.0,242.0
The Secret Life of Pets 2,PG, Chris Renaud,86.0, Universal Pictures  ,60.0,155.0,90.0,21933.0,2014.0,Animation,64.0,55.0,69106.0,262.0
The Professor and the Madman,NR, Farhad Safinia,125.0, Vertical Entertainment  ,42.0,26.0,77.0,293.0,2023.0,Biography,72.0,27.0,51144.0,458.0
Aladdin,PG, Guy Ritchie,128.0, Walt Disney Pictures  ,57.0,362.0,94.0,59043.0,2016.0,Adventure,69.0,53.0,290692.0,2149.0
Aladdin,PG, Guy Ritchie,128.0, Walt Disney Pictures  ,57.0,362.0,94.0,59043.0,2017.0,Animation,80.0,86.0,468021.0,341.0
John Wick: Chapter 3 - Parabellum,R, Chad Stahelski,131.0, Lionsgate  ,90.0,331.0,86.0,38122.0,2005.0,Action,74.0,73.0,426899.0,2097.0
Booksmart,R, Olivia Wilde,105.0, United Artists  ,97.0,344.0,77.0,4116.0,2004.0,Comedy,71.0,84.0,131406.0,765.0
Jacob's Ladder,R, David M. Rosenthal,89.0, Vertical Entertainment  ,5.0,22.0,40.0,132.0,1985.0,Drama,74.0,62.0,118119.0,343.0
Driven,R, Nick Hamm,108.0, Variance Films & Universal Pictures Content Group  ,62.0,50.0,72.0,122.0,1968.0,Action,46.0,29.0,43154.0,315.0
Ma,R, Tate Taylor,110.0, Universal Pictures  ,55.0,196.0,64.0,8228.0,2020.0,Horror,56.0,53.0,59742.0,494.0
Burn,R, Mike Gan,88.0, Momentum Pictures  ,58.0,12.0,41.0,44.0,2017.0,Comedy,57.0,50.0,7151.0,75.0
The Red Sea Diving Resort,NR, Gideon Raff,130.0, Netflix  ,30.0,40.0,80.0,721.0,1983.0,Drama,66.0,,32640.0,220.0
The Hustle,PG-13, Chris Addison,93.0, MGM  ,14.0,157.0,44.0,3394.0,2021.0,Comedy,54.0,35.0,65836.0,656.0
A Dog's Journey,PG, Gail Mancuso,108.0, Universal Pictures  ,50.0,84.0,92.0,2875.0,2002.0,Adventure,74.0,43.0,28765.0,164.0
Rocketman,R, Dexter Fletcher,121.0, Paramount Pictures  ,89.0,362.0,88.0,21649.0,2024.0,Biography,73.0,69.0,195308.0,951.0
Otherhood,R, Cindy Chupack,120.0, Netflix  ,25.0,24.0,56.0,179.0,2003.0,Comedy,61.0,38.0,12509.0,94.0
Brightburn,R, David Yarovesky,91.0, Screen Gems  ,57.0,198.0,67.0,4331.0,2021.0,Drama,61.0,44.0,108055.0,1027.0
Avengers: Endgame,PG-13, Joe Russo,182.0, Marvel Studios  ,94.0,505.0,90.0,68832.0,1995.0,Action,84.0,78.0,1269206.0,6933.0
UglyDolls,PG, Kelly Asbury,87.0, STXfilms  ,27.0,85.0,55.0,1039.0,2012.0,Animation,51.0,39.0,7832.0,154.0
Long Shot,R, Jonathan Levine,115.0, Summit Entertainment  ,82.0,283.0,75.0,4619.0,1997.0,Comedy,68.0,67.0,121955.0,773.0
Iron Sky: The Coming Race,NR, Timo Vuorensola,92.0, Vertical Entertainment  ,29.0,7.0,29.0,78.0,1989.0,Action,50.0,,11779.0,139.0
The Curse of La Llorona,R, Michael Chaves,93.0, New Line Cinema  ,29.0,178.0,38.0,1795.0,2015.0,Horror,53.0,41.0,57809.0,553.0
The Wedding Guest,R, Michael Winterbottom,97.0, IFC Films  ,43.0,69.0,34.0,74.0,,Thriller,58.0,57.0,6627.0,88.0
Tolkien,PG-13, Dome Karukoski,111.0, Fox Searchlight Pictures  ,50.0,193.0,73.0,1109.0,1994.0,Biography,68.0,48.0,46726.0,237.0
Above the Shadows,NR, Claudia Myers,105.0, Gravitas Ventures  ,57.0,7.0,80.0,20.0,2017.0,Drama,61.0,,4691.0,53.0
Shazam!,PG-13, David F. Sandberg,130.0, New Line Cinema  ,90.0,392.0,82.0,16459.0,2020.0,Action,70.0,71.0,385593.0,1935.0
The Edge of Love,R, John Maybury,111.0, MPI Media Group  ,37.0,59.0,43.0,53725.0,2014.0,Biography,61.0,39.0,18961.0,43.0
Alita: Battle Angel,PG-13, Robert Rodriguez,125.0, 20th Century Fox  ,61.0,313.0,92.0,33308.0,2012.0,Action,73.0,53.0,294338.0,2665.0
Hellboy,R, Neil Marshall,120.0, Summit Entertainment  ,17.0,208.0,49.0,4505.0,2022.0,Action,53.0,31.0,99192.0,1410.0
Hellboy,R, Neil Marshall,120.0, Summit Entertainment  ,17.0,208.0,49.0,4505.0,2021.0,Action,68.0,72.0,350656.0,573.0
Pet Sematary,R, Kevin Kölsch,101.0, Paramount Pictures  ,58.0,266.0,33.0,3341.0,1964.0,Fantasy,65.0,38.0,115246.0,307.0
Pet Sematary,R, Kevin Kölsch,101.0, Paramount Pictures  ,58.0,266.0,33.0,3341.0,1988.0,Horror,57.0,57.0,98690.0,1021.0
Breakthrough,PG, Roxann Dawson,90.0, 20th Century Fox  ,61.0,62.0,79.0,1159.0,1933.0,Biography,63.0,46.0,11040.0,222.0
After,PG-13, Jenny Gage,106.0, Aviron Pictures  ,17.0,35.0,71.0,2458.0,2024.0,Drama,53.0,30.0,66026.0,786.0
The Best of Enemies,PG-13, Robin Bissell,132.0, STXfilms  ,53.0,77.0,76.0,477.0,2002.0,Biography,73.0,49.0,19651.0,130.0
Under the Silver Lake,R, David Robert Mitchell,139.0, A24  ,58.0,148.0,55.0,471.0,2023.0,Crime,65.0,60.0,51605.0,322.0
Euphoria,R, Lisa Langseth,98.0, Freestyle Releasing  ,19.0,26.0,38.0,32.0,2021.0,Adventure,57.0,32.0,4752.0,36.0
The Aftermath,R, James Kent,108.0, Fox Searchlight Pictures  ,27.0,146.0,50.0,334.0,2018.0,Drama,63.0,43.0,23868.0,135.0
Dumbo,PG, Tim Burton,112.0, Walt Disney Pictures  ,47.0,352.0,49.0,4314.0,2007.0,Animation,72.0,96.0,142291.0,145.0
Dumbo,PG, Tim Burton,112.0, Walt Disney Pictures  ,47.0,352.0,49.0,4314.0,2012.0,Adventure,63.0,51.0,82675.0,693.0
High Life,R, Claire Denis,110.0, A24  ,82.0,223.0,42.0,912.0,2021.0,Mystery,58.0,78.0,41140.0,351.0
Perfect,NR, Eddie Alcazar,87.0, Brainfeeder Films  ,17.0,12.0,54.0,13.0,2012.0,Drama,47.0,46.0,6007.0,50.0
Nightmare Cinema,R, Alejandro Brugués,119.0, Cranked Up Productions  ,77.0,44.0,46.0,152.0,2020.0,Drama,55.0,60.0,5125.0,66.0
The Beach Bum,R, Harmony Korine,95.0, NEON  ,56.0,117.0,29.0,661.0,2020.0,Comedy,55.0,55.0,24892.0,321.0
Hotel Mumbai,R, Anthony Maras,123.0, Bleecker Street  ,76.0,204.0,86.0,912.0,2024.0,Action,76.0,62.0,71152.0,411.0
The Hummingbird Project,R, Kim Nguyen (IV),111.0, The Orchard  ,57.0,115.0,51.0,193.0,1971.0,Drama,62.0,58.0,16419.0,86.0
The Poison Rose,R, George Gallo,98.0, Lionsgate  ,0.0,6.0,24.0,144.0,2023.0,Crime,48.0,26.0,11183.0,224.0
Captain Marvel,PG-13, Anna Boden,128.0, Marvel Studios  ,78.0,504.0,48.0,94729.0,2019.0,Action,68.0,64.0,611954.0,6371.0
Captive State,PG-13, Rupert Wyatt,109.0, Focus Features  ,43.0,74.0,37.0,710.0,2017.0,Action,60.0,54.0,58127.0,370.0
Five Feet Apart,PG-13, Justin Baldoni,120.0, CBS Films  ,54.0,117.0,79.0,824.0,2012.0,Drama,72.0,53.0,82903.0,343.0
I Am Mother,NR, Grant Sputore,114.0, Netflix  ,90.0,72.0,76.0,887.0,2015.0,Drama,67.0,64.0,99530.0,608.0
Plus One,NR, Jeff Chan,99.0, RLJE Films  ,88.0,60.0,81.0,315.0,1994.0,Comedy,66.0,65.0,16110.0,114.0
How to Train Your Dragon: The Hidden World,PG, Dean DeBlois,110.0, Universal Pictures  ,91.0,254.0,86.0,56128.0,1999.0,Animation,74.0,71.0,151015.0,554.0
The Upside,PG-13, Neil Burger,126.0, STXfilms  ,41.0,176.0,82.0,3989.0,2002.0,Comedy,70.0,46.0,63696.0,841.0
Always Be My Maybe,PG-13, Nahnatchka Khan ,102.0, Netflix  ,89.0,90.0,81.0,1770.0,1981.0,Comedy,67.0,64.0,62779.0,368.0
Rim of the World,NR, McG,120.0, Netflix  ,23.0,13.0,27.0,169.0,1981.0,Action,52.0,,25359.0,654.0
Greta,R, Neil Jordan,98.0, Focus Features  ,60.0,257.0,42.0,838.0,2004.0,Drama,60.0,54.0,38162.0,363.0
The Perfection,NR, Richard Shepard,90.0, Netflix  ,73.0,90.0,58.0,416.0,2019.0,Drama,62.0,60.0,49531.0,559.0
The Kid,R, Vincent D'Onofrio,99.0, Lionsgate  ,45.0,40.0,46.0,231.0,2015.0,Comedy,61.0,45.0,44455.0,136.0
The Kid,R, Vincent D'Onofrio,99.0, Lionsgate  ,45.0,40.0,46.0,231.0,2022.0,Comedy,82.0,,135055.0,235.0
The Kid,R, Vincent D'Onofrio,99.0, Lionsgate  ,45.0,40.0,46.0,231.0,2014.0,Biography,59.0,51.0,9499.0,119.0
Avengement,NR, Jesse V. Johnson,87.0, Samuel Goldwyn Films  ,83.0,18.0,70.0,132.0,2015.0,Action,66.0,63.0,20733.0,229.0
The Professor,R, Wayne Roberts,91.0, Saban Films  ,10.0,20.0,76.0,430.0,2013.0,Comedy,67.0,37.0,37417.0,298.0
Domino,R, Brian DePalma,88.0, Saban Films  ,33.0,69.0,18.0,71.0,2001.0,Action,59.0,37.0,69439.0,300.0
What Men Want,R, Adam Shankman,117.0, Paramount Pictures  ,42.0,139.0,33.0,2017.0,2014.0,Comedy,54.0,49.0,31849.0,314.0
Serenity,R, Steven Knight,106.0, Aviron Pictures  ,20.0,186.0,29.0,1436.0,2021.0,Action,78.0,74.0,305949.0,1359.0
Serenity,R, Steven Knight,106.0, Aviron Pictures  ,20.0,186.0,29.0,1436.0,2020.0,Drama,54.0,37.0,45498.0,497.0
Arctic,PG-13, Joe Penna,98.0, Bleecker Street  ,89.0,141.0,79.0,1808.0,2022.0,Adventure,68.0,71.0,58422.0,357.0
The Prodigy,R, Nicholas McCarthy,92.0, Orion Pictures  ,42.0,78.0,37.0,842.0,2023.0,Fantasy,59.0,45.0,28394.0,321.0
Dragged Across Concrete,R, S. Craig Zahler,158.0, Summit Entertainment  ,75.0,136.0,69.0,598.0,2007.0,Action,69.0,60.0,55388.0,663.0
"Extremely Wicked, Shockingly Evil and Vile",R, Joe Berlinger,110.0, Netflix  ,55.0,178.0,57.0,1268.0,2022.0,Biography,67.0,52.0,103674.0,577.0
Wine Country,R, Amy Poehler,100.0, Netflix  ,66.0,83.0,30.0,412.0,2011.0,Adventure,55.0,56.0,23005.0,372.0
The Man Who Killed Don Quixote,NR, Terry Gilliam,132.0, Screen Media Films  ,63.0,119.0,64.0,393.0,2024.0,Adventure,63.0,58.0,22216.0,129.0
Mary Magdalene,R, Garth Davis,120.0, IFC Films  ,45.0,110.0,48.0,214.0,1996.0,Biography,59.0,48.0,11585.0,165.0
Glass,PG-13, M. Night Shyamalan,110.0, Universal Pictures  ,37.0,373.0,68.0,12305.0,1995.0,Drama,66.0,43.0,274828.0,1695.0
Destroyer,R, Karyn Kusama,123.0, Annapurna Pictures  ,74.0,259.0,50.0,1263.0,2014.0,Action,62.0,62.0,31833.0,344.0
On the Basis of Sex,PG-13, Mimi Leder,120.0, Focus Features  ,73.0,245.0,76.0,2145.0,2020.0,Biography,71.0,59.0,38402.0,190.0
A Dog's Way Home,PG, Charles Martin Smith,97.0, Columbia Pictures  ,59.0,79.0,71.0,1583.0,2019.0,Adventure,67.0,50.0,20150.0,177.0
Replicas,PG-13, Jeffrey Nachmanoff,107.0, Entertainment Studios Motion Pictures  ,9.0,53.0,34.0,1265.0,2018.0,Action,55.0,19.0,42128.0,531.0
Welcome to Marwen,PG-13, Robert Zemeckis,116.0, Universal Pictures  ,35.0,164.0,49.0,1613.0,2021.0,Biography,62.0,40.0,26024.0,230.0
Escape Room,PG-13, Adam Robitel,100.0, Columbia Pictures  ,51.0,152.0,51.0,2389.0,2016.0,Action,64.0,48.0,142287.0,735.0
Escape Room,PG-13, Adam Robitel,100.0, Columbia Pictures  ,51.0,152.0,51.0,2389.0,1985.0,Horror,42.0,,13930.0,180.0
Someone Great,R, Jennifer Kaytin Robinson,92.0, Netflix  ,82.0,51.0,65.0,510.0,1999.0,Comedy,62.0,63.0,25312.0,208.0
The Perfect Date,NR, Chris Nelson,89.0, Netflix  ,65.0,17.0,37.0,508.0,1998.0,Comedy,58.0,,43203.0,202.0
Black Site,NR, Tom Paton,87.0, Epic Pictures  ,71.0,7.0,12.0,18.0,1992.0,Action,44.0,,3902.0,77.0
Triple Threat,R, Jesse V. Johnson,96.0, Well Go USA Entertainment  ,68.0,31.0,35.0,199.0,2006.0,Action,56.0,60.0,12624.0,140.0
Bumblebee,PG-13, Travis Knight,119.0, Paramount Pictures  ,91.0,237.0,74.0,9606.0,2024.0,Action,67.0,66.0,189068.0,1252.0
Vice,R, Adam McKay,132.0, Annapurna Pictures  ,66.0,344.0,59.0,4885.0,1997.0,Biography,72.0,61.0,162666.0,724.0
The Mule,R, Clint Eastwood,116.0, Warner Bros. Pictures  ,70.0,183.0,66.0,3994.0,2025.0,Crime,70.0,58.0,152894.0,709.0
Rust Creek,R, Jen McGowan,108.0, IFC Midnight  ,84.0,44.0,66.0,563.0,1990.0,Action,59.0,59.0,13502.0,184.0
The Highwaymen,R, John Lee Hancock,132.0, Netflix  ,57.0,134.0,73.0,1202.0,2021.0,Biography,69.0,58.0,103838.0,471.0
The Dirt,NR, Jeff Tremaine,108.0, Netflix  ,38.0,71.0,94.0,6619.0,2003.0,Biography,70.0,39.0,55457.0,565.0
Sobibor,NR, Konstantin Khabenskiy,110.0, Samuel Goldwyn Films  ,75.0,16.0,42.0,52.0,1929.0,Drama,64.0,,5783.0,35.0
Fantastic Beasts: The Crimes of Grindelwald,PG-13, David Yates (II),134.0, Warner Bros. Pictures  ,36.0,314.0,54.0,14820.0,2021.0,Adventure,65.0,52.0,309327.0,1371.0
Second Act,PG-13, Peter Segal,103.0, STXfilms  ,45.0,107.0,44.0,1177.0,2025.0,Comedy,58.0,46.0,30301.0,203.0
Prospect,R, Zeek Earl,97.0, DUST  ,89.0,45.0,70.0,1014.0,2022.0,Adventure,63.0,68.0,34628.0,313.0
The Clovehitch Killer,NR, Duncan Skiles,110.0, IFC Midnight  ,77.0,31.0,68.0,756.0,1985.0,Crime,65.0,59.0,34076.0,251.0
Vox Lux,R, Brady Corbet,112.0, NEON  ,61.0,236.0,37.0,984.0,2016.0,Drama,58.0,67.0,19587.0,160.0
Level 16,NR, Danishka Esterhazy,102.0, Dark Sky Films  ,82.0,22.0,64.0,91.0,2023.0,Drama,61.0,46.0,16294.0,126.0
The Vanishing,R, Kristoffer Nyholm,106.0, Saban Films  ,85.0,39.0,48.0,627.0,2023.0,Drama,59.0,64.0,20733.0,179.0
The Vanishing,R, Kristoffer Nyholm,106.0, Saban Films  ,85.0,39.0,48.0,627.0,2023.0,Drama,63.0,49.0,28075.0,104.0
A Star Is Born,R, Bradley Cooper,135.0, Warner Bros. Pictures  ,90.0,501.0,79.0,20023.0,2023.0,Drama,76.0,88.0,420550.0,2474.0
A Star Is Born,R, Bradley Cooper,135.0, Warner Bros. Pictures  ,90.0,501.0,79.0,20023.0,2025.0,Drama,73.0,77.0,10913.0,71.0
A Star Is Born,R, Bradley Cooper,135.0, Warner Bros. Pictures  ,90.0,501.0,79.0,20023.0,1997.0,Drama,61.0,59.0,13201.0,100.0
A Star Is Born,R, Bradley Cooper,135.0, Warner Bros. Pictures  ,90.0,501.0,79.0,20023.0,2022.0,Drama,75.0,89.0,19694.0,155.0
Ralph Breaks the Internet,PG, Phil Johnston,114.0, Walt Disney Animation Studios  ,88.0,266.0,65.0,8438.0,2025.0,Animation,70.0,71.0,183417.0,651.0
Mortal Engines,PG-13, Christian Rivers,111.0, Universal Pictures  ,26.0,182.0,49.0,3891.0,2018.0,Action,61.0,44.0,141196.0,1041.0
Mary Queen of Scots,R, Josie Rourke,112.0, Focus Features  ,62.0,274.0,41.0,2564.0,1988.0,Biography,63.0,60.0,55429.0,555.0
The Changeover,NR, Stuart McKenzie,95.0, Vertical Entertainment  ,69.0,32.0,68.0,260.0,1971.0,Fantasy,54.0,69.0,1803.0,43.0
Instant Family,PG-13, Sean Anders,117.0, Paramount Pictures  ,81.0,145.0,82.0,3315.0,2021.0,Comedy,73.0,57.0,120454.0,677.0
Spider-Man: Into the Spider-Verse,PG, Bob Persichetti,100.0, Sony Pictures  ,97.0,375.0,93.0,19350.0,2012.0,Animation,84.0,87.0,673811.0,1985.0
Lords of Chaos,R, Jonas Åkerlund,112.0, 20th Century Fox  ,74.0,72.0,62.0,541.0,2004.0,Biography,66.0,48.0,19455.0,154.0
Green Book,PG-13, Peter Farrelly,130.0, Universal Pictures  ,78.0,341.0,91.0,9710.0,2007.0,Biography,82.0,69.0,574433.0,1615.0
The Boy Who Harnessed the Wind,NR, Chiwetel Ejiofor,113.0, Netflix  ,86.0,59.0,88.0,299.0,2023.0,Biography,76.0,68.0,44572.0,185.0
Robin Hood,PG-13, Otto Bathurst,116.0, Summit Entertainment  ,15.0,164.0,41.0,3497.0,2014.0,Action,66.0,53.0,283508.0,459.0
Robin Hood,PG-13, Otto Bathurst,116.0, Summit Entertainment  ,15.0,164.0,41.0,3497.0,2008.0,Action,53.0,32.0,79594.0,1133.0
Robin Hood,PG-13, Otto Bathurst,116.0, Summit Entertainment  ,15.0,164.0,41.0,3497.0,1997.0,Animation,75.0,57.0,139163.0,167.0
Bohemian Rhapsody,PG-13, Bryan Singer,134.0, 20th Century Fox  ,60.0,392.0,85.0,22872.0,2024.0,Biography,79.0,49.0,594309.0,3221.0
Widows,R, Steve McQueen (III),128.0, 20th Century Fox  ,91.0,396.0,61.0,5200.0,1964.0,Crime,68.0,84.0,104248.0,572.0
Creed II,PG-13, Steven Caple Jr.,130.0, MGM  ,84.0,291.0,80.0,5439.0,2021.0,Action,71.0,66.0,155826.0,687.0
Possum,NR, Matthew Holness,87.0, Dark Sky Films  ,90.0,39.0,52.0,372.0,2021.0,Drama,58.0,64.0,9002.0,124.0
The Favourite,R, Yorgos Lanthimos,119.0," Fox Searchlight Pictures, Film4 and Waypoint  ",93.0,387.0,69.0,6980.0,2023.0,Biography,75.0,91.0,234311.0,1171.0
At Eternity's Gate,PG-13, Julian Schnabel,111.0, CBS Films  ,80.0,175.0,63.0,1199.0,1997.0,Biography,69.0,76.0,40103.0,211.0
Free Solo,PG-13, Elizabeth Chai Vasarhelyi,97.0, Greenwich Entertainment  ,97.0,147.0,93.0,2771.0,2014.0,Documentary,81.0,83.0,77644.0,290.0
The Grinch,PG, Scott Mosier,86.0, Universal Pictures  ,59.0,184.0,50.0,12851.0,2022.0,Animation,64.0,51.0,91294.0,609.0
Then Came You,NR, Peter Hutchings,99.0, SHOUT! STUDIOS  ,59.0,22.0,78.0,226.0,2007.0,Comedy,69.0,44.0,13842.0,101.0
Then Came You,NR, Peter Hutchings,99.0, SHOUT! STUDIOS  ,59.0,22.0,78.0,226.0,2020.0,Comedy,60.0,,2596.0,91.0
The Nutcracker and the Four Realms,PG, Lasse Hallstrom,99.0, Walt Disney Pictures  ,33.0,200.0,33.0,2270.0,2020.0,Adventure,56.0,39.0,37477.0,413.0
Overlord,R, Julius Avery,109.0, Paramount Pictures  ,81.0,209.0,67.0,3965.0,2017.0,Action,66.0,60.0,106706.0,718.0
Boy Erased,R, Joel Edgerton,111.0, Focus Features  ,81.0,249.0,74.0,2360.0,2010.0,Biography,69.0,69.0,42203.0,178.0
A Private War,R, Matthew Heineman,106.0, Aviron Pictures  ,87.0,135.0,64.0,1370.0,2006.0,Biography,67.0,75.0,21029.0,126.0
Suspiria,R, Luca Guadagnino,152.0, Amazon Studios  ,65.0,315.0,66.0,2557.0,2024.0,Drama,67.0,64.0,92687.0,644.0
Suspiria,R, Luca Guadagnino,152.0, Amazon Studios  ,65.0,315.0,66.0,2557.0,1999.0,Horror,73.0,79.0,105678.0,582.0
Nobody's Fool,R, Tyler Perry,110.0, Paramount Pictures  ,24.0,41.0,35.0,650.0,1998.0,Comedy,73.0,86.0,22556.0,109.0
The Hole in the Ground,R, Lee Cronin,90.0, A24  ,84.0,86.0,49.0,345.0,2022.0,Drama,56.0,63.0,22423.0,218.0
Halloween,R, David Gordon Green,109.0, Universal Pictures  ,79.0,361.0,70.0,9503.0,2019.0,Horror,77.0,90.0,307316.0,1416.0
Halloween,R, David Gordon Green,109.0, Universal Pictures  ,79.0,361.0,70.0,9503.0,1988.0,Horror,60.0,47.0,130693.0,872.0
Halloween,R, David Gordon Green,109.0, Universal Pictures  ,79.0,361.0,70.0,9503.0,2004.0,Crime,65.0,67.0,169356.0,1538.0
First Man,PG-13, Damien Chazelle,138.0, Universal Pictures  ,86.0,427.0,67.0,8538.0,1985.0,Biography,73.0,84.0,202555.0,1243.0
The Hate U Give,PG-13, George Tillman Jr.,132.0, 20th Century Fox  ,97.0,215.0,82.0,4237.0,1997.0,Crime,75.0,81.0,40226.0,359.0
The Old Man & the Gun,PG-13, David Lowery,93.0, Fox Searchlight Pictures  ,93.0,264.0,61.0,2932.0,2017.0,Biography,67.0,80.0,49668.0,266.0
Johnny English Strikes Again,PG, David Kerr,88.0, Universal Pictures  ,37.0,106.0,49.0,1839.0,1934.0,Action,62.0,39.0,83426.0,414.0
King of Thieves,R, James Marsh,108.0, Saban Films  ,35.0,80.0,28.0,372.0,2022.0,Biography,55.0,48.0,16465.0,127.0
Polar,NR, Jonas Åkerlund,118.0, Netflix  ,19.0,47.0,63.0,230.0,2019.0,Action,63.0,19.0,99203.0,981.0
Venom,PG-13, Ruben Fleischer,112.0, Columbia Pictures  ,29.0,337.0,80.0,39734.0,1993.0,Action,66.0,35.0,539481.0,3469.0
Smallfoot,PG, Karey Kirkpatrick,109.0, Warner Bros. Pictures  ,76.0,122.0,62.0,2116.0,2015.0,Animation,66.0,60.0,43007.0,204.0
The House That Jack Built,R, Lars von Trier,151.0, IFC Films  ,57.0,127.0,65.0,1370.0,1964.0,Crime,68.0,42.0,92353.0,445.0
The House with a Clock in Its Walls,PG, Eli Roth,104.0, Universal Pictures  ,66.0,209.0,45.0,3415.0,2013.0,Comedy,61.0,57.0,55410.0,419.0
Assassination Nation,R, Sam Levinson,95.0, NEON  ,73.0,131.0,55.0,1019.0,2024.0,Action,60.0,54.0,21808.0,233.0
Lizzie,R, Craig William Macneill,106.0, Roadside Attractions  ,66.0,145.0,48.0,485.0,1999.0,Biography,59.0,59.0,9404.0,63.0
Colette,R, Wash Westmoreland,111.0, Bleecker Street  ,87.0,209.0,70.0,1428.0,2019.0,Biography,67.0,74.0,26465.0,141.0
A Simple Favor,R, Paul Feig,116.0, Lionsgate  ,85.0,239.0,73.0,6480.0,2024.0,Comedy,68.0,67.0,163035.0,798.0
Peppermint,R, Pierre Morel,102.0, STXfilms  ,12.0,142.0,71.0,3138.0,2025.0,Action,65.0,29.0,71044.0,843.0
Little Women,PG-13, Clare Niederpruem,112.0, Pinnacle Peak  ,27.0,26.0,72.0,227.0,1997.0,Drama,78.0,91.0,247026.0,1053.0
Little Women,PG-13, Clare Niederpruem,112.0, Pinnacle Peak  ,27.0,26.0,72.0,227.0,1954.0,Drama,73.0,87.0,63686.0,174.0
Roma,R, Alfonso Cuarón,135.0, Netflix  ,95.0,377.0,72.0,5342.0,2002.0,Drama,77.0,96.0,169995.0,1060.0
Bird Box,R, Susanne Bier,117.0, Netflix  ,63.0,156.0,57.0,7079.0,2023.0,Horror,66.0,51.0,387214.0,2298.0
Hunter Killer,R, Donovan Marsh,120.0, Summit Premiere  ,36.0,107.0,69.0,2179.0,2008.0,Action,66.0,43.0,73787.0,777.0
Wildlife,PG-13, Paul Dano,104.0, IFC Films  ,93.0,199.0,72.0,1801.0,2017.0,Drama,68.0,80.0,31435.0,130.0
White Boy Rick,R, Yann Demange,111.0, Columbia Pictures  ,59.0,149.0,50.0,1615.0,1996.0,Crime,65.0,59.0,43262.0,198.0
Night School,PG-13, Malcolm D. Lee,111.0, Universal Pictures  ,27.0,138.0,39.0,2371.0,1989.0,Comedy,56.0,43.0,44474.0,310.0
Bad Times at the El Royale,R, Drew Goddard,140.0, 20th Century Fox  ,75.0,243.0,73.0,5529.0,2023.0,Crime,71.0,60.0,164935.0,892.0
Hell Fest,R, Gregory Plotkin,105.0, Tucker Tooley Entertainment  ,41.0,64.0,40.0,821.0,2020.0,Horror,55.0,26.0,19467.0,267.0
Mid90s,R, Jonah Hill,84.0, A24  ,81.0,221.0,80.0,2597.0,2015.0,Comedy,73.0,66.0,78211.0,324.0
Once Upon a Deadpool,PG-13, David Leitch,116.0, 20th Century Fox  ,53.0,58.0,53.0,1087.0,2016.0,Action,75.0,,302.0,0.0
Ashes in the Snow,NR, Marius A. Markevicius,99.0, Vertical Entertainment  ,50.0,14.0,85.0,352.0,1992.0,Drama,66.0,42.0,6907.0,65.0
The Meg,PG-13, Jon Turteltaub,114.0, Warner Bros. Pictures  ,46.0,290.0,42.0,6661.0,1964.0,Action,57.0,46.0,207938.0,1485.0
Alpha,PG-13, Albert Hughes,97.0, Sony Pictures  ,80.0,130.0,71.0,3854.0,2014.0,Action,66.0,63.0,66628.0,535.0
Crazy Rich Asians,PG-13, Jon M. Chu,120.0, Warner Bros. Pictures  ,91.0,342.0,76.0,12483.0,2018.0,Comedy,69.0,74.0,190482.0,1096.0
Kin,PG-13, Jonathan Baker,102.0, Lionsgate  ,33.0,90.0,54.0,770.0,2008.0,Action,58.0,35.0,18779.0,246.0
"Juliet, Naked",R, Jesse Peretz,98.0, Lionsgate and Roadside Attractions  ,83.0,161.0,74.0,1218.0,2001.0,Comedy,66.0,67.0,24747.0,129.0
Searching,PG-13, Aneesh Chaganty,101.0, Screen Gems  ,92.0,243.0,87.0,6593.0,2002.0,Drama,76.0,71.0,180218.0,1157.0
The Ballad of Buster Scruggs,R, Joel Coen,132.0, Netflix  ,91.0,218.0,77.0,3320.0,1964.0,Comedy,72.0,79.0,168554.0,722.0
Papillon,R, Michael Noer,136.0, Bleecker Street  ,52.0,106.0,66.0,1179.0,2015.0,Adventure,72.0,51.0,86479.0,355.0
Papillon,R, Michael Noer,136.0, Bleecker Street  ,52.0,106.0,66.0,1179.0,2023.0,Biography,80.0,58.0,138542.0,204.0
Outlaw King,R, David Mackenzie,117.0, Netflix  ,61.0,148.0,67.0,1373.0,2004.0,Action,69.0,59.0,81120.0,453.0
Christopher Robin,PG, Marc Forster,120.0, Walt Disney Pictures  ,73.0,265.0,83.0,5632.0,2023.0,Adventure,72.0,60.0,84979.0,571.0
Destination Wedding,R, Victor Levin,90.0, Regatta  ,53.0,83.0,58.0,788.0,2013.0,Comedy,60.0,46.0,33453.0,430.0
Time Trap,NR, Mark Dennis,87.0, Paladin  ,60.0,10.0,71.0,561.0,2021.0,Action,62.0,46.0,43657.0,815.0
Final Score,R, Scott Mann,104.0, Saban Films  ,69.0,32.0,37.0,283.0,2024.0,Action,58.0,53.0,14183.0,181.0
BlacKkKlansman,R, Spike Lee,135.0, Focus Features  ,96.0,418.0,82.0,10719.0,2024.0,Biography,75.0,83.0,291687.0,819.0
Look Away,NR, Assaf Bernstein,103.0, Vertical Entertainment  ,17.0,12.0,54.0,387.0,2023.0,Drama,58.0,,22386.0,179.0
Mission: Impossible - Fallout,PG-13, Christopher McQuarrie,147.0, Paramount Pictures  ,97.0,415.0,87.0,15721.0,2018.0,Action,77.0,87.0,378835.0,1540.0
The Nun,R, Corin Hardy,96.0, Warner Bros. Pictures  ,26.0,194.0,35.0,6805.0,1964.0,Horror,53.0,46.0,170897.0,1673.0
The Miseducation of Cameron Post,NR, Desiree Akhavan,90.0, FilmRise  ,86.0,180.0,76.0,1493.0,2018.0,Comedy,66.0,69.0,25670.0,110.0
Back Roads,NR, Alex Pettyfer,101.0, Samuel Goldwyn Films  ,68.0,22.0,99.0,1862.0,1989.0,Crime,63.0,42.0,5497.0,55.0
Ant-Man and the Wasp,PG-13, Peyton Reed,118.0, Walt Disney Pictures  ,88.0,417.0,76.0,24280.0,2014.0,Action,70.0,70.0,450803.0,893.0
Incredibles 2,PG, Brad Bird,118.0, Disney/Pixar  ,94.0,370.0,84.0,18111.0,2017.0,Animation,75.0,80.0,332107.0,935.0
Mile 22,R, Peter Berg,90.0, STXfilms  ,23.0,184.0,44.0,2680.0,2018.0,Action,61.0,38.0,86988.0,830.0
Slender Man,PG-13, Sylvain White,93.0, Screen Gems  ,6.0,77.0,17.0,2429.0,1968.0,Horror,33.0,30.0,38483.0,698.0
The Darkest Minds,PG-13, Jennifer Yuh Nelson,105.0, 20th Century Fox  ,16.0,136.0,73.0,2721.0,1995.0,Action,57.0,39.0,36133.0,462.0
The Spy Who Dumped Me,R, Susanna Fogel,116.0, Lionsgate  ,49.0,204.0,57.0,3540.0,1945.0,Action,60.0,52.0,83156.0,526.0
55 Steps,PG-13, Bille August,115.0, Sony Pictures  ,50.0,8.0,85.0,96.0,2025.0,Biography,69.0,42.0,3666.0,45.0
Teen Titans Go! To the Movies,PG, Aaron Horvath,92.0, Warner Bros. Pictures  ,91.0,127.0,72.0,3461.0,1997.0,Animation,67.0,69.0,21759.0,189.0
Mandy,NR, Panos Cosmatos,120.0, RLJE Films  ,90.0,235.0,66.0,4110.0,1997.0,Action,65.0,83.0,89887.0,962.0
Sorry to Bother You,R, Boots Riley,105.0, Annapurna Pictures  ,93.0,294.0,70.0,6000.0,2001.0,Comedy,69.0,78.0,88425.0,449.0
Mamma Mia! Here We Go Again,PG-13, Ol Parker,114.0, Universal Pictures  ,80.0,267.0,66.0,5151.0,2017.0,Comedy,66.0,60.0,109314.0,607.0
A Prayer Before Dawn,R, Jean-Stéphane Sauvaire,116.0, A24  ,92.0,61.0,74.0,1779.0,1965.0,Action,68.0,76.0,26238.0,114.0
"Don't Worry, He Won't Get Far on Foot",R, Gus Van Sant,113.0, Amazon Studios  ,76.0,182.0,75.0,1539.0,2006.0,Biography,68.0,67.0,30735.0,121.0
Loving Pablo,R, Fernando León de Aranoa,125.0, Universal Pictures  ,31.0,48.0,36.0,509.0,2020.0,Biography,64.0,42.0,22447.0,84.0
Three Identical Strangers,PG-13, Tim Wardle,96.0, NEON  ,97.0,174.0,88.0,2933.0,2013.0,Documentary,76.0,81.0,40021.0,114.0
Unfriended: Dark Web,R, Stephen Susco,88.0, BH Tilt  ,60.0,116.0,38.0,1134.0,1995.0,Horror,60.0,53.0,38501.0,291.0
Hotel Artemis,R, Drew Pearce,97.0, Global Road Entertainment  ,57.0,172.0,33.0,1834.0,2015.0,Action,61.0,58.0,58550.0,358.0
Apostle,NR, Gareth Evans,129.0, Netflix  ,80.0,66.0,54.0,1193.0,1989.0,Drama,63.0,62.0,59198.0,454.0
22-Jul,R, Paul Greengrass,143.0, Netflix  ,80.0,123.0,69.0,778.0,2022.0,Biography,68.0,69.0,37642.0,193.0
Malevolent,NR, Olaf de Fleur Johannesson,88.0, Netflix  ,38.0,8.0,17.0,278.0,,Horror,48.0,,17130.0,215.0
Gotti,R, Kevin Connolly,105.0, Vertical Entertainment  ,0.0,55.0,46.0,8086.0,2011.0,Biography,48.0,24.0,17162.0,297.0
Jurassic World: Fallen Kingdom,PG-13, J.A. Bayona,129.0, Universal Pictures  ,48.0,413.0,48.0,29655.0,1996.0,Action,61.0,51.0,344772.0,1407.0
Hotel Transylvania 3: Summer Vacation,PG, Genndy Tartakovsky,97.0, Columbia Pictures / Sony Pictures Animation  ,62.0,115.0,48.0,3399.0,2018.0,Animation,63.0,54.0,85581.0,249.0
Leave No Trace,PG, Debra Granik,109.0, Bleecker Street  ,100.0,225.0,81.0,4641.0,2023.0,Adventure,71.0,88.0,65392.0,342.0
Hot Summer Nights,R, Elijah Bynum,120.0, A24  ,43.0,40.0,58.0,792.0,2002.0,Crime,64.0,44.0,23549.0,97.0
The Healer,NR, Paco Arango,113.0, AMBI Media Group  ,17.0,6.0,51.0,113.0,2005.0,Comedy,64.0,,8583.0,103.0
Skyscraper,PG-13, Rawson Marshall Thurber,103.0, Universal Pictures  ,47.0,274.0,63.0,6350.0,2008.0,Action,58.0,51.0,134439.0,753.0
Eighth Grade,R, Bo Burnham,94.0, A24  ,99.0,297.0,83.0,5057.0,2023.0,Comedy,74.0,85.0,82606.0,450.0
Damsel,R, David Zellner,113.0, Magnolia Pictures  ,68.0,107.0,56.0,712.0,2023.0,Action,61.0,46.0,83933.0,448.0
I Think We're Alone Now,R, Reed Morano,93.0, Momentum Pictures  ,63.0,40.0,43.0,412.0,2014.0,Drama,57.0,51.0,12661.0,137.0
Little Italy,NR, Donald Petrie,102.0, Lionsgate  ,16.0,19.0,60.0,317.0,2014.0,Comedy,57.0,28.0,17472.0,161.0
Hold the Dark,NR, Jeremy Saulnier,125.0, Netflix  ,70.0,81.0,31.0,1164.0,2017.0,Action,56.0,63.0,40439.0,705.0
Ghost Stories,NR, Jeremy Dyson,97.0, IFC Midnight  ,84.0,123.0,59.0,2365.0,1989.0,Drama,64.0,68.0,37065.0,246.0
Uncle Drew,PG-13, Charles Stone III,103.0, Lionsgate  ,62.0,94.0,47.0,1570.0,,Comedy,58.0,57.0,15770.0,116.0
Hereditary,R, Ari Aster,127.0, Windy Hill Pictures  ,89.0,359.0,66.0,12338.0,1997.0,Drama,73.0,87.0,379659.0,3193.0
Superfly,R, Director X.,108.0, Columbia Pictures  ,50.0,100.0,46.0,861.0,2024.0,Action,52.0,52.0,7635.0,117.0
Venus,NR, Eisha Marjara,95.0, Wolfe Releasing  ,100.0,7.0,83.0,11.0,2011.0,Horror,55.0,,4065.0,21.0
Age of Summer,NR, Bill Kiely,89.0, Freestyle Digital Media  ,50.0,6.0,67.0,89.0,2024.0,Comedy,55.0,,879.0,12.0
Next Gen,NR, Sep 7,106.0, Netflix  ,80.0,5.0,68.0,618.0,2018.0,Animation,66.0,,19575.0,266.0
The Angel,NR, Ariel Vromen,103.0, Netflix  ,75.0,12.0,61.0,227.0,2006.0,Action,67.0,,15521.0,137.0
Deadpool 2,R, David Leitch,119.0, 20th Century Fox  ,84.0,402.0,85.0,31432.0,2006.0,Action,76.0,66.0,647806.0,1200.0
Mary Shelley,PG-13, Haifaa Al-Mansour,121.0, IFC Films  ,39.0,122.0,48.0,597.0,1966.0,Biography,64.0,49.0,17820.0,90.0
First Reformed,R, Paul Schrader,108.0, A24  ,93.0,234.0,68.0,3360.0,2011.0,Drama,71.0,86.0,62689.0,307.0
American Animals,R, Bart Layton,120.0, The Orchard  ,89.0,204.0,81.0,2783.0,2018.0,Biography,70.0,68.0,49459.0,203.0
Black Water,R, Pasha Patriki,104.0, Saban Films  ,0.0,9.0,22.0,99.0,2024.0,Adventure,58.0,,16052.0,99.0
Upgrade,R, Leigh Whannell,95.0, Blumhouse Productions  ,87.0,183.0,87.0,5577.0,2023.0,Action,75.0,67.0,207240.0,1217.0
Adrift,PG-13, Baltasar Kormákur,120.0, STXfilms  ,70.0,191.0,65.0,2204.0,2021.0,Action,66.0,56.0,61879.0,254.0
Book Club,PG-13, Erin Simms,104.0, Paramount Pictures  ,54.0,179.0,52.0,2008.0,1992.0,Comedy,61.0,53.0,32525.0,312.0
Dark Crimes,R, Alexandros Avranas,92.0, Saban Films  ,0.0,35.0,31.0,935.0,2021.0,Crime,46.0,24.0,19986.0,149.0
Avengers: Infinity War,PG-13, Anthony Russo,156.0, Walt Disney Pictures  ,85.0,456.0,91.0,57975.0,2007.0,Action,84.0,68.0,1206488.0,3434.0
How to Talk to Girls at Parties,R, John Cameron Mitchell,102.0, A24  ,47.0,93.0,38.0,749.0,2024.0,Comedy,57.0,50.0,12415.0,93.0
The Yellow Birds,R, Alexandre Moors,100.0, Saban Films  ,45.0,40.0,43.0,247.0,2024.0,Drama,58.0,56.0,4754.0,49.0
Life of the Party,PG-13, Ben Falcone,105.0, New Line Cinema  ,38.0,149.0,40.0,2123.0,2020.0,Comedy,56.0,46.0,39735.0,274.0
On Chesil Beach,R, Dominic Cooke,110.0, Bleecker Street  ,67.0,159.0,63.0,830.0,2023.0,Drama,63.0,62.0,12521.0,72.0
Bad Samaritan,R, Dean Devlin,107.0, Electric Entertainment  ,53.0,75.0,68.0,838.0,1965.0,Crime,64.0,42.0,26149.0,264.0
Revenge,R, Coralie Fargeat,108.0, Shudder and NEON  ,92.0,128.0,56.0,2602.0,2020.0,Action,64.0,81.0,48464.0,377.0
Revenge,R, Coralie Fargeat,108.0, Shudder and NEON  ,92.0,128.0,56.0,2602.0,2007.0,Action,62.0,35.0,20568.0,80.0
Marrowbone,R, Sergio G. Sánchez,110.0, Magnolia Pictures  ,47.0,70.0,57.0,493.0,2015.0,Drama,67.0,63.0,39684.0,159.0
The Guernsey Literary and Potato Peel Pie Society,NR, Mike Newell,123.0, Netflix  ,81.0,70.0,82.0,1366.0,2016.0,Drama,73.0,65.0,52808.0,306.0
To All the Boys I've Loved Before,NR, Susan Johnson,100.0, Netflix  ,97.0,67.0,86.0,4551.0,2020.0,Comedy,70.0,64.0,124197.0,396.0
Ready Player One,PG-13, Steven Spielberg,140.0, Warner Bros. Pictures  ,72.0,420.0,77.0,24893.0,2023.0,Action,74.0,64.0,487655.0,1599.0
The Endless,NR, Justin Benson,112.0, Well Go USA Entertainment  ,92.0,124.0,67.0,3429.0,2000.0,Drama,65.0,80.0,49563.0,315.0
A Quiet Place,PG-13, John Krasinski,90.0, Paramount Pictures  ,95.0,367.0,83.0,22688.0,1997.0,Drama,75.0,82.0,585149.0,2457.0
Beirut,R, Brad Anderson,110.0, Bleecker Street  ,81.0,129.0,56.0,1379.0,2024.0,Action,65.0,69.0,24720.0,126.0
Tau,R, Noga Landau,97.0, Addictive Pictures  ,25.0,12.0,49.0,511.0,2017.0,Horror,58.0,43.0,34773.0,268.0
Escape Plan 2: Hades,R, Steven C. Miller,94.0, Summit Entertainment  ,8.0,24.0,15.0,717.0,2024.0,Action,39.0,,35357.0,392.0
Calibre,NR, Matt Palmer,101.0, Netflix  ,95.0,19.0,72.0,639.0,2020.0,Drama,68.0,76.0,33430.0,307.0
La Belle Noiseuse,NR, Jacques Rivette,240.0, Cohen Media Group  ,100.0,29.0,84.0,3815.0,2021.0,Drama,75.0,,9387.0,54.0
Black Panther,PG-13, Ryan Coogler,135.0, Marvel Studios  ,97.0,495.0,79.0,88211.0,1990.0,Action,73.0,88.0,838980.0,2950.0
Fifty Shades Freed,R, James Foley,101.0, Universal Pictures  ,12.0,183.0,37.0,5678.0,2022.0,Drama,45.0,31.0,74342.0,240.0
Anon,NR, Andrew Niccol,100.0, Netflix  ,38.0,48.0,35.0,676.0,2022.0,Crime,61.0,54.0,48817.0,246.0
The Party,R, Sally Potter,71.0, Roadside Attractions  ,81.0,155.0,61.0,1979.0,2006.0,Comedy,74.0,64.0,43798.0,196.0
The Party,R, Sally Potter,71.0, Roadside Attractions  ,81.0,155.0,61.0,1979.0,2020.0,Comedy,65.0,73.0,21068.0,100.0
Samson,PG-13, Bruce MacDonald,110.0, Pure Flix Entertainment  ,25.0,16.0,50.0,810.0,1977.0,Action,45.0,17.0,4974.0,104.0
Game Night,R, Jonathan M. Goldstein,119.0, New Line Cinema  ,85.0,246.0,77.0,9457.0,2016.0,Action,69.0,66.0,256130.0,628.0
I Kill Giants,NR, Anders Walter ,104.0, XYZ Films  ,77.0,60.0,76.0,2140.0,2002.0,Drama,61.0,74.0,33027.0,255.0
Cargo,NR, Yolanda Ramke,91.0, Netflix  ,88.0,74.0,66.0,1591.0,2022.0,Drama,63.0,65.0,48210.0,314.0
Pacific Rim Uprising,PG-13, Steven S. DeKnight,111.0, Universal Pictures  ,44.0,253.0,39.0,32337.0,2004.0,Action,56.0,44.0,127555.0,667.0
Brain on Fire,PG-13, Gerard Barrett,95.0, Broad Green Pictures  ,13.0,16.0,67.0,741.0,2024.0,Biography,66.0,34.0,24246.0,127.0
Sherlock Gnomes,PG, John Stevenson,86.0, Paramount Pictures  ,27.0,64.0,35.0,1604.0,2020.0,Animation,52.0,36.0,14093.0,91.0
Tomb Raider,PG-13, Roar Uthaug,118.0, Warner Bros. Pictures  ,51.0,308.0,55.0,10622.0,1990.0,Action,63.0,48.0,227439.0,1158.0
Flower,R, Max Winkler,93.0, The Orchard  ,50.0,68.0,45.0,433.0,2023.0,Comedy,60.0,45.0,10442.0,79.0
Blockers,R, Kay Cannon,102.0, Universal Pictures  ,84.0,220.0,50.0,5029.0,2021.0,Comedy,62.0,69.0,86148.0,329.0
The Death of Stalin,R, Armando Iannucci,107.0, IFC Films  ,96.0,241.0,78.0,6228.0,1993.0,Comedy,73.0,88.0,113762.0,383.0
I Can Only Imagine,PG, Jon Erwin,110.0, Lionsgate and Roadside Attractions  ,61.0,31.0,91.0,4012.0,1972.0,Biography,73.0,30.0,18341.0,290.0
"Paul, Apostle of Christ",PG-13, Andrew Hyatt,108.0, Affirm Films  ,46.0,37.0,81.0,1626.0,2017.0,Adventure,66.0,52.0,9940.0,110.0
"Love, Simon",PG-13, Greg Berlanti,109.0, 20th Century Fox  ,92.0,220.0,88.0,7513.0,2022.0,Comedy,75.0,72.0,126118.0,500.0
Unsane,R, Steven Soderbergh,97.0, Fingerprint Releasing and Bleecker Street  ,80.0,229.0,58.0,2645.0,1961.0,Drama,64.0,63.0,49986.0,324.0
Terminal,NR, Vaughn Stein,90.0, RLJ Entertainment  ,20.0,65.0,37.0,591.0,2002.0,Action,53.0,27.0,25421.0,227.0
Set It Up,NR, Claire Scanlon,105.0, Netflix  ,92.0,59.0,69.0,1222.0,2017.0,Comedy,65.0,62.0,64593.0,175.0
Thoroughbreds,R, Cory Finley,90.0, Focus Features  ,86.0,158.0,68.0,3266.0,2002.0,Comedy,66.0,75.0,46488.0,185.0
Gringo,R, Nash Edgerton,110.0, Amazon Studios and STX Entertainment  ,40.0,129.0,39.0,1105.0,2018.0,Action,61.0,46.0,32205.0,132.0
Every Day,PG-13, Michael Sucsy,95.0, Orion Pictures  ,63.0,59.0,55.0,1022.0,2017.0,Drama,64.0,52.0,23664.0,108.0
Super Troopers 2,R, Jay Chandrasekhar,100.0, Fox Searchlight Pictures  ,35.0,94.0,65.0,3528.0,2002.0,Comedy,60.0,41.0,28408.0,204.0
Isle of Dogs,PG-13, Wes Anderson,101.0, Scott Rudin Productions  ,90.0,350.0,87.0,8898.0,2023.0,Animation,78.0,82.0,191225.0,437.0
Extinction,NR, Ben Young,95.0, Netflix  ,39.0,23.0,48.0,1171.0,2017.0,Action,58.0,40.0,57785.0,805.0
Tully,R, Jason Reitman,94.0, Focus Features  ,86.0,272.0,74.0,3602.0,2007.0,Comedy,69.0,75.0,63178.0,212.0
You Were Never Really Here,R, Lynne Ramsay,89.0, Amazon Studios  ,89.0,270.0,64.0,4959.0,2023.0,Crime,67.0,84.0,127879.0,769.0
Overboard,PG-13, Rob Greenberg,110.0, Pantelion Films  ,24.0,87.0,54.0,2203.0,2017.0,Comedy,69.0,53.0,68044.0,148.0
Overboard,PG-13, Rob Greenberg,110.0, Pantelion Films  ,24.0,87.0,54.0,2203.0,2023.0,Comedy,60.0,42.0,41233.0,426.0
I Feel Pretty,PG-13, Abby Kohn,110.0, STX Entertainment  ,36.0,219.0,35.0,4590.0,1934.0,Comedy,56.0,48.0,57320.0,599.0
The Miracle Season,PG, Sean McNamara,90.0, LD Entertainment  ,51.0,43.0,83.0,872.0,2001.0,Drama,65.0,44.0,6311.0,53.0
The Con Is On,R, James Haslam,95.0, Lionsgate  ,0.0,5.0,44.0,157.0,2001.0,Comedy,38.0,,8823.0,121.0
Maze Runner: The Death Cure,PG-13, Wes Ball,114.0, 20th Century Fox  ,43.0,169.0,58.0,17025.0,2023.0,Action,63.0,50.0,164341.0,383.0
Hostiles,R, Donald Stewart,135.0, Entertainment Studios Motion Pictures  ,71.0,210.0,74.0,5374.0,2020.0,Drama,72.0,65.0,95909.0,435.0
Forever My Girl,PG, Bethany Ashton Wolf,104.0, Roadside Attractions and LD Entertainment  ,24.0,49.0,79.0,1700.0,1965.0,Comedy,66.0,36.0,21446.0,135.0
Paddington 2,PG, Paul King (VII) ,105.0, Warner Bros. Pictures  ,100.0,238.0,88.0,8038.0,2020.0,Adventure,78.0,88.0,94283.0,279.0
Den of Thieves,R, Christian Gudegast,140.0, STX Entertainment  ,41.0,131.0,62.0,4235.0,2008.0,Action,70.0,49.0,123931.0,529.0
Duck Butter,NR, Miguel Arteta,93.0, The Orchard  ,57.0,35.0,46.0,108.0,2024.0,Comedy,53.0,58.0,4618.0,27.0
The Greatest Showman,PG, Jenny Bicks,105.0, 20th Century Fox  ,56.0,252.0,86.0,25713.0,1985.0,Biography,75.0,48.0,312199.0,1915.0
The Commuter,PG-13, Jaume Collet-Serra,105.0, Lionsgate  ,56.0,205.0,39.0,5241.0,1994.0,Action,63.0,56.0,125649.0,411.0
Molly's Game,R, Aaron Sorkin,140.0, STXfilms  ,82.0,292.0,84.0,11690.0,2005.0,Biography,74.0,71.0,188265.0,411.0
Phantom Thread,R, Paul Thomas Anderson,130.0, Focus Features  ,91.0,334.0,70.0,7709.0,2020.0,Drama,74.0,90.0,145818.0,514.0
The Post,PG-13, Steven Spielberg,115.0, 20th Century Fox  ,88.0,387.0,73.0,12200.0,2003.0,Biography,72.0,83.0,162620.0,438.0
All the Money in the World,R, Ridley Scott,132.0, TriStar Pictures  ,80.0,249.0,66.0,6536.0,1996.0,Crime,68.0,72.0,91159.0,237.0
Kodachrome,NR, Mark Raso,105.0, Netflix  ,71.0,49.0,69.0,579.0,2023.0,Drama,68.0,57.0,19899.0,104.0
Braven,R, Lin Oeding,94.0, Saban Films and Lionsgate  ,77.0,30.0,77.0,1828.0,,Action,59.0,61.0,42149.0,248.0
10x10,NR, Suzi Ewing,88.0, Vertical Entertainment  ,67.0,9.0,20.0,208.0,2020.0,Drama,51.0,,11670.0,82.0
Amateur,NR, Ryan Koo,96.0, Netflix  ,60.0,5.0,68.0,107.0,1929.0,Action,,,,0.0
The Titan,NR, Lennart Ruff,97.0, Netflix  ,18.0,28.0,15.0,752.0,,Drama,48.0,33.0,33501.0,434.0
Thelma,NR, Joachim Trier,116.0, The Orchard  ,93.0,147.0,77.0,3234.0,1991.0,Action,76.0,76.0,253.0,2.0
Thelma,NR, Joachim Trier,116.0, The Orchard  ,93.0,147.0,77.0,3234.0,1983.0,Drama,70.0,74.0,36686.0,107.0
Terrifier,NR, Damien Leone,85.0, Epic Pictures  ,67.0,12.0,54.0,756.0,2016.0,Horror,56.0,,52959.0,527.0
Acts of Violence,R, Brett Donowho,86.0, Lionsgate Premiere  ,0.0,13.0,33.0,266.0,1994.0,Action,53.0,28.0,13381.0,184.0
Status Update,PG-13, Scott Speer,106.0, Vertical Entertainment  ,0.0,5.0,51.0,301.0,2023.0,Comedy,58.0,,6257.0,49.0
Justice League,PG-13, Zack Snyder,110.0, Warner Bros. Pictures  ,40.0,387.0,71.0,127303.0,1999.0,Action,61.0,45.0,479137.0,1707.0
Ferdinand,PG, Carlos Saldanha,106.0, Blue Sky Studio/20th Century Fox  ,71.0,119.0,50.0,6924.0,1934.0,Animation,67.0,58.0,63772.0,130.0
Jumanji: Welcome to the Jungle,PG-13, Jake Kasdan,112.0, Columbia Pictures  ,76.0,229.0,87.0,39155.0,2007.0,Action,70.0,58.0,450801.0,874.0
The Disaster Artist,R, James Franco,104.0, A24  ,91.0,336.0,85.0,15015.0,2017.0,Biography,73.0,76.0,164478.0,394.0
Lady Bird,R, Greta Gerwig,93.0, A24  ,99.0,384.0,79.0,22071.0,2007.0,Comedy,74.0,93.0,330402.0,755.0
Call Me by Your Name,R, Luca Guadagnino,130.0, Sony Pictures Classics  ,95.0,346.0,86.0,15420.0,1997.0,Drama,78.0,94.0,317398.0,993.0
The Shape of Water,R, Guillermo del Toro,119.0, Fox Searchlight Pictures  ,92.0,434.0,72.0,25501.0,2018.0,Drama,73.0,87.0,448223.0,1334.0
"I, Tonya",R, Craig Gillespie,119.0, NEON  ,89.0,366.0,88.0,12188.0,1985.0,Biography,75.0,77.0,243229.0,503.0
Thor: Ragnarok,PG-13, Taika Waititi,130.0, Walt Disney Pictures  ,93.0,410.0,87.0,94104.0,2021.0,Action,79.0,74.0,817557.0,1385.0
Coco,PG, Lee Unkrich,109.0, Disney/Pixar  ,97.0,337.0,94.0,27404.0,1996.0,Animation,84.0,81.0,592504.0,1209.0
"Three Billboards Outside Ebbing, Missouri",R, Martin McDonagh,115.0, Fox Searchlight Pictures  ,90.0,395.0,87.0,22602.0,2012.0,Comedy,81.0,88.0,556091.0,1079.0
Wonder Wheel,PG-13, Woody Allen,101.0, Amazon Studios  ,31.0,192.0,41.0,1645.0,1966.0,Drama,62.0,46.0,31029.0,168.0
Darkest Hour,PG-13, Joe Wright,125.0, Focus Features  ,85.0,300.0,82.0,13883.0,2015.0,Drama,74.0,75.0,221214.0,641.0
Novitiate,R, Margaret Betts,123.0, Maven Pictures  ,86.0,98.0,70.0,1857.0,1989.0,Drama,67.0,73.0,5063.0,40.0
Mute,NR, Duncan Jones,126.0, Netflix  ,20.0,83.0,47.0,1484.0,2024.0,Mystery,55.0,35.0,38207.0,263.0
My Friend Dahmer,R, Marc Meyers,107.0, FilmRise  ,87.0,100.0,61.0,5382.0,2017.0,Biography,62.0,68.0,23683.0,126.0
Hangman,R, Johnny Martin,98.0, Saban Films  ,5.0,22.0,29.0,422.0,2023.0,Crime,52.0,31.0,19116.0,250.0
Blade Runner 2049,R, Denis Villeneuve,164.0, Warner Bros. Pictures  ,87.0,426.0,81.0,59720.0,2002.0,Action,80.0,81.0,667544.0,2081.0
"I, Daniel Blake",R, Ken Loach,100.0, Sundance Selects  ,92.0,180.0,85.0,8284.0,2023.0,Drama,78.0,78.0,64884.0,164.0
Jigsaw,R, Michael Spierig,91.0, Lionsgate  ,33.0,87.0,89.0,29317.0,2023.0,Horror,57.0,39.0,92479.0,290.0
Jigsaw,R, Michael Spierig,91.0, Lionsgate  ,33.0,87.0,89.0,29317.0,2003.0,Crime,72.0,,1590.0,37.0
Crooked House,PG-13, Gilles Paquet-Brenner,115.0, Sony Pictures Worldwide Acquisitions  ,57.0,30.0,57.0,530.0,2002.0,Crime,63.0,59.0,27600.0,155.0
The Killing of a Sacred Deer,R, Yorgos Lanthimos,119.0, A24  ,79.0,268.0,65.0,9888.0,2022.0,Drama,70.0,73.0,188254.0,974.0
Last Flag Flying,R, Richard Linklater,124.0, Amazon Studios  ,78.0,210.0,71.0,4181.0,1996.0,Comedy,69.0,65.0,28644.0,167.0
All I See Is You,R, Marc Forster,110.0, Open Road Films  ,27.0,55.0,30.0,1534.0,2019.0,Drama,54.0,43.0,13139.0,107.0
God's Own Country,NR, Francis Lee,104.0, Samuel Goldwyn Films  ,98.0,123.0,87.0,4371.0,1990.0,Drama,76.0,85.0,35721.0,158.0
Django,NR, Etienne Comar,117.0, Under the Milky Way  ,59.0,22.0,79.0,126.0,2002.0,Action,72.0,75.0,31078.0,102.0
Suburbicon,R, George Clooney,105.0, Paramount Pictures  ,28.0,249.0,25.0,8275.0,2011.0,Comedy,58.0,42.0,47254.0,307.0
Stratton,R, Simon West,95.0, SquareOne Entertainment  ,0.0,35.0,20.0,180.0,1986.0,Action,48.0,26.0,5662.0,68.0
The Square,R, Ruben Östlund,142.0, Magnolia Pictures  ,85.0,213.0,70.0,4019.0,1997.0,Comedy,71.0,73.0,77476.0,169.0
Woody Woodpecker,PG, Alex Zamm,84.0, Universal Pictures Home Entertainment  ,13.0,8.0,34.0,198.0,2023.0,Animation,42.0,,5171.0,62.0
LBJ,R, Rob Reiner,98.0, Electric Entertainment  ,57.0,83.0,55.0,3112.0,2001.0,Biography,65.0,54.0,7724.0,72.0
Wonder,PG, Stephen Chbosky,113.0, Lionsgate  ,85.0,186.0,88.0,18785.0,1990.0,Drama,79.0,66.0,178736.0,476.0
Mom and Dad,R, Brian Taylor,83.0, Momentum Pictures  ,75.0,131.0,39.0,1505.0,1998.0,Comedy,56.0,59.0,27441.0,223.0
Daddy's Home 2,PG-13, Sean Anders,98.0, Paramount Pictures  ,21.0,126.0,50.0,15021.0,2021.0,Comedy,60.0,30.0,82430.0,222.0
The Florida Project,R, Sean Baker (II) ,115.0, June Pictures  ,96.0,299.0,80.0,13090.0,1972.0,Drama,76.0,92.0,128748.0,473.0
"Roman J. Israel, Esq.",PG-13, Dan Gilroy,117.0, Sony Pictures  ,53.0,171.0,53.0,4102.0,2019.0,Crime,65.0,58.0,43271.0,196.0
The Ritual,NR, David Bruckner,94.0, Netflix  ,73.0,90.0,60.0,1925.0,2021.0,Horror,63.0,57.0,120243.0,511.0
When We First Met,NR, Ari Sandel,97.0, Netflix  ,43.0,23.0,57.0,817.0,1999.0,Comedy,64.0,36.0,54015.0,139.0
Despicable Me 3,PG, Kyle Balda,90.0, Universal Pictures  ,58.0,190.0,53.0,78563.0,2017.0,Animation,62.0,49.0,154858.0,192.0
Tulip Fever,R, Justin Chadwick,107.0, The Weinstein Company  ,10.0,60.0,43.0,5268.0,1999.0,Drama,62.0,38.0,22967.0,95.0
Logan Lucky,PG-13, Steven Soderbergh,119.0, Fingerprint Releasing / Bleecker Street  ,92.0,278.0,76.0,27525.0,2024.0,Action,70.0,78.0,162378.0,310.0
Better Watch Out,R, Chris Peckover,99.0, Well Go USA Entertainment  ,89.0,64.0,65.0,4424.0,1999.0,Comedy,65.0,67.0,46338.0,319.0
American Made,R, Doug Liman,115.0, Universal Pictures  ,86.0,261.0,78.0,26189.0,2021.0,Action,71.0,65.0,208742.0,294.0
Battle of the Sexes,PG-13, Jonathan Dayton,121.0, Fox Searchlight Pictures  ,85.0,303.0,71.0,15767.0,2007.0,Biography,67.0,73.0,60044.0,166.0
Marshall,PG-13, Reginald Hudlin,118.0, Open Road Films  ,80.0,143.0,84.0,8605.0,1997.0,Biography,73.0,66.0,26857.0,91.0
It,R, Andy Muschietti,135.0, Warner Bros. Pictures  ,86.0,369.0,84.0,66884.0,1997.0,Fantasy,73.0,69.0,607763.0,1652.0
Inside,NR, Miguel Ángel Vivas,100.0, Vertical Entertainment  ,32.0,19.0,21.0,91.0,2021.0,Drama,55.0,53.0,17245.0,126.0
Valerian and the City of a Thousand Planets,PG-13, Luc Besson,137.0, EuropaCorp / STXfilms  ,47.0,285.0,53.0,27698.0,2019.0,Action,64.0,51.0,197276.0,1052.0
The Hitman's Bodyguard,R, Patrick Hughes,111.0, Summit Entertainment  ,43.0,218.0,67.0,27022.0,2019.0,Action,69.0,47.0,247535.0,546.0
Good Time,R, Benny Safdie,100.0, A24  ,91.0,235.0,81.0,8900.0,2023.0,Crime,73.0,80.0,140594.0,352.0
Beach Rats,R, Eliza Hittman,95.0, NEON  ,85.0,102.0,57.0,2531.0,1985.0,Drama,64.0,78.0,16488.0,76.0
Jungle,R, Greg McLean,115.0, Momentum Pictures  ,60.0,52.0,59.0,3213.0,2022.0,Action,67.0,48.0,63774.0,239.0
The Lego Ninjago Movie,PG, Charlie Bean,90.0, Warner Bros. Pictures  ,55.0,132.0,46.0,18790.0,2023.0,Animation,60.0,55.0,30007.0,109.0
The Mountain Between Us,PG-13, Hany Abu-Assad,100.0, 20th Century Fox  ,39.0,168.0,47.0,12516.0,2018.0,Drama,64.0,48.0,80959.0,296.0
Dunkirk,PG-13, Christopher Nolan,107.0, Warner Bros. Pictures  ,93.0,443.0,81.0,68124.0,2012.0,Action,78.0,94.0,741653.0,2107.0
Stronger,R, David Gordon Green,119.0, Lionsgate and Roadside Attractions  ,89.0,190.0,80.0,12867.0,2005.0,Biography,69.0,76.0,49761.0,116.0
Flatliners,PG-13, Niels Arden Oplev,108.0, Columbia Pictures  ,4.0,76.0,33.0,11722.0,2023.0,Drama,65.0,55.0,93582.0,156.0
Flatliners,PG-13, Niels Arden Oplev,108.0, Columbia Pictures  ,4.0,76.0,33.0,11722.0,2025.0,Drama,52.0,27.0,51026.0,217.0
Leatherface,R, Julien Maury,90.0, Lionsgate  ,30.0,44.0,24.0,3098.0,1985.0,Crime,50.0,40.0,27915.0,162.0
Jeepers Creepers 3,NR, Victor Salva,100.0, Infinity Films  ,17.0,6.0,33.0,2610.0,2013.0,Horror,39.0,,24419.0,281.0
Brawl in Cell Block 99,NR, S. Craig Zahler,132.0, RLJE Films  ,91.0,90.0,74.0,6061.0,2023.0,Action,71.0,79.0,75955.0,529.0
Cars 3,G, Brian Fee,109.0, Walt Disney Pictures  ,70.0,227.0,69.0,27223.0,1965.0,Animation,67.0,59.0,122657.0,264.0
Atomic Blonde,R, David Leitch,115.0, Focus Features  ,79.0,346.0,64.0,34479.0,2017.0,Action,67.0,63.0,206931.0,668.0
Wind River,R, Taylor Sheridan,111.0, The Weinstein Company  ,88.0,241.0,90.0,29290.0,1990.0,Crime,77.0,73.0,281103.0,671.0
The Limehouse Golem,NR, Juan Carlos Medina,105.0, RLJ Entertainment  ,73.0,75.0,55.0,2363.0,2024.0,Crime,63.0,63.0,23341.0,112.0
Bitch,NR, Marianna Palka,93.0, Dark Sky Films  ,65.0,37.0,30.0,221.0,2012.0,Comedy,52.0,55.0,2067.0,28.0
Mudbound,R, Dee Rees,134.0, Netflix  ,97.0,191.0,85.0,5741.0,1995.0,Drama,74.0,85.0,54506.0,150.0
Ingrid Goes West,R, Matt Spicer,97.0, NEON  ,86.0,187.0,71.0,9164.0,2014.0,Comedy,66.0,71.0,48025.0,159.0
Brigsby Bear,PG-13, Dave McCary,97.0, Sony Pictures Classics  ,83.0,160.0,86.0,3962.0,1976.0,Comedy,73.0,67.0,17823.0,77.0
The Glass Castle,PG-13, Destin Daniel Cretton,127.0, Lionsgate  ,52.0,161.0,71.0,8719.0,2025.0,Biography,71.0,56.0,38623.0,149.0
Overdrive,PG-13, Antonio Negret ,93.0, Paramount Pictures  ,23.0,13.0,26.0,400.0,2023.0,Action,54.0,,16498.0,48.0
Radius,NR, Caroline Labrèche,87.0, Epic Pictures  ,92.0,13.0,60.0,523.0,1989.0,Drama,63.0,,19709.0,183.0
Spider-Man: Homecoming,PG-13, Jon Watts,133.0, Sony Pictures  ,92.0,384.0,87.0,107605.0,2023.0,Action,74.0,73.0,721017.0,1082.0
War for the Planet of the Apes,PG-13, Matt Reeves,140.0, 20th Century Fox  ,94.0,347.0,84.0,56804.0,2023.0,Action,74.0,82.0,288425.0,683.0
Kidnap,R, Luis Prieto,82.0, Aviron Pictures  ,38.0,87.0,50.0,13832.0,2006.0,Action,59.0,44.0,39131.0,296.0
Annabelle: Creation,R, David F. Sandberg,109.0, New Line Cinema  ,71.0,184.0,67.0,21862.0,2021.0,Horror,65.0,62.0,151191.0,383.0
The Emoji Movie,PG, Anthony Leondis,86.0, Sony Pictures Animation  ,7.0,129.0,38.0,25128.0,2023.0,Animation,34.0,12.0,71231.0,802.0
Lady Macbeth,R, William Oldroyd,89.0, Roadside Attractions  ,88.0,189.0,71.0,6380.0,1954.0,Drama,68.0,76.0,27358.0,82.0
Newness,NR, Drake Doremus,112.0, Giant Interactive  ,69.0,16.0,62.0,324.0,2020.0,Drama,63.0,50.0,17940.0,58.0
Shot Caller,R, Ric Roman Waugh,121.0, Saban Films  ,67.0,45.0,80.0,3760.0,1979.0,Crime,73.0,59.0,98986.0,318.0
1922,NR, Zak Hilditch,101.0, Netflix  ,90.0,41.0,57.0,1754.0,2019.0,Crime,62.0,70.0,71801.0,247.0
Creep 2,NR, Patrick Brice,80.0, The Orchard  ,100.0,23.0,73.0,883.0,1971.0,Crime,64.0,75.0,32720.0,136.0
Girls Trip,R, Malcolm D. Lee,122.0, Universal Pictures  ,91.0,165.0,78.0,23101.0,1964.0,Adventure,62.0,71.0,40603.0,210.0
The Layover,R, William H. Macy,88.0, Vertical Entertainment  ,0.0,18.0,22.0,1496.0,2024.0,Comedy,48.0,15.0,16903.0,69.0
Baby Driver,R, Edgar Wright,113.0, Sony Pictures  ,93.0,372.0,86.0,62796.0,2022.0,Action,75.0,86.0,613038.0,1116.0
The Survivalist,NR, Stephen Fingleton,104.0, IFC Midnight  ,96.0,45.0,66.0,6740.0,2023.0,Drama,64.0,80.0,18708.0,69.0
The Book of Henry,PG-13, Colin Trevorrow,105.0, Focus Features  ,22.0,143.0,63.0,5857.0,2010.0,Crime,66.0,31.0,29459.0,130.0
Maudie,PG-13, Aisling Walsh,115.0, Sony Pictures Classics  ,89.0,148.0,89.0,7565.0,2021.0,Biography,76.0,65.0,21652.0,107.0
Fallen,PG-13, Scott Hicks,91.0, Destination Films and Vertical Entertainment  ,7.0,14.0,66.0,1939.0,2017.0,Action,70.0,,92890.0,251.0
Fallen,PG-13, Scott Hicks,91.0, Destination Films and Vertical Entertainment  ,7.0,14.0,66.0,1939.0,2007.0,Drama,52.0,47.0,15998.0,132.0
A Ghost Story,R, David Lowery,87.0, Ideaman Studios  ,91.0,268.0,66.0,16640.0,2006.0,Drama,68.0,84.0,79843.0,611.0
Wish Upon,PG-13, John R. Leonetti,89.0, Broad Green Pictures  ,19.0,90.0,30.0,4609.0,2006.0,Drama,51.0,32.0,22929.0,143.0
Pirates of the Caribbean: Dead Men Tell No Tales,PG-13, Espen Sandberg,135.0, Walt Disney Pictures  ,30.0,282.0,61.0,130597.0,1991.0,Action,65.0,39.0,346821.0,527.0
47 Meters Down,PG-13, Johannes Roberts,89.0, Entertainment Studios Motion Pictures  ,54.0,155.0,35.0,12377.0,1994.0,Horror,56.0,52.0,61004.0,361.0
Wonder Woman,PG-13, Patty Jenkins,141.0, Warner Bros. Pictures  ,93.0,445.0,87.0,129132.0,2005.0,Action,73.0,76.0,700474.0,1841.0
The Devil's Candy,NR, Sean Byrne,80.0, IFC Midnight  ,92.0,51.0,64.0,5615.0,2015.0,Drama,64.0,72.0,21910.0,131.0
Certain Women,R, Kelly Reichardt,107.0, Film Science  ,91.0,185.0,50.0,5439.0,2013.0,Drama,64.0,82.0,15713.0,106.0
Transformers: The Last Knight,PG-13, Michael Bay,148.0, Paramount Pictures  ,15.0,248.0,44.0,39722.0,2018.0,Action,52.0,27.0,169221.0,713.0
The Bad Batch,R, Ana Lily Amirpour,115.0, NEON  ,47.0,96.0,31.0,2817.0,1989.0,Action,52.0,62.0,35593.0,300.0
Our Souls at Night,NR, Ritesh Batra,103.0, Netflix  ,90.0,41.0,75.0,983.0,1997.0,Drama,69.0,69.0,14980.0,89.0
The Big Sick,R, Michael Showalter,119.0, Amazon Studios  ,98.0,292.0,88.0,32616.0,2022.0,Comedy,75.0,86.0,143772.0,361.0
The Little Hours,R, Jeff Baena,90.0, Gunpowder & Sky  ,78.0,122.0,48.0,6759.0,1989.0,Comedy,58.0,69.0,25504.0,133.0
Cult of Chucky,NR, Don Mancini,91.0, Universal 1440 Entertainment  ,78.0,23.0,46.0,1649.0,2022.0,Horror,53.0,69.0,29853.0,133.0
Gerald's Game,NR, Mike Flanagan,103.0, Netflix  ,91.0,76.0,71.0,3537.0,2024.0,Drama,65.0,77.0,127741.0,316.0
Maurice,R, James Ivory,139.0, Cinecom Pictures  ,90.0,21.0,87.0,7502.0,2015.0,Drama,76.0,75.0,23642.0,72.0
The Mummy,PG-13, Alex Kurtzman,120.0, Universal Pictures  ,16.0,303.0,35.0,47733.0,2002.0,Action,71.0,48.0,462242.0,1100.0
The Mummy,PG-13, Alex Kurtzman,120.0, Universal Pictures  ,16.0,303.0,35.0,47733.0,1964.0,Action,54.0,34.0,206552.0,817.0
The Mummy,PG-13, Alex Kurtzman,120.0, Universal Pictures  ,16.0,303.0,35.0,47733.0,1966.0,Fantasy,70.0,,30199.0,204.0
The Mummy,PG-13, Alex Kurtzman,120.0, Universal Pictures  ,16.0,303.0,35.0,47733.0,2024.0,Adventure,66.0,62.0,11029.0,94.0
Rough Night,R, Lucia Aniello,101.0, Columbia Pictures  ,44.0,167.0,29.0,12523.0,2012.0,Comedy,52.0,51.0,55905.0,211.0
All Eyez on Me,R, Benny Boom,140.0, SUMMIT/CODEBLACK FILMS/LIONSGATE  ,18.0,89.0,53.0,13913.0,2021.0,Biography,59.0,38.0,24763.0,127.0
A Dark Song,NR, Liam Gavin,100.0, Samson Films  ,92.0,38.0,60.0,1926.0,2013.0,Drama,62.0,71.0,21478.0,169.0
Unlocked,R, Michael Apted,98.0, Lionsgate Premiere  ,26.0,57.0,42.0,1558.0,2013.0,Action,63.0,46.0,38772.0,192.0
Megan Leavey,PG-13, Gabriela Cowperthwaite,116.0, Bleecker Street  ,87.0,99.0,82.0,10417.0,2016.0,Action,71.0,66.0,27334.0,80.0
Alien: Covenant,R, Ridley Scott,120.0, 20th Century Fox  ,66.0,392.0,55.0,63800.0,1991.0,Horror,64.0,65.0,304619.0,1427.0
Guardians of the Galaxy Vol. 2,PG-13, James Gunn (II),137.0, Walt Disney Pictures  ,85.0,403.0,87.0,108517.0,1979.0,Action,76.0,67.0,760986.0,868.0
The Wall,NR, Katell Quillévéré,104.0, Cohen Media Group  ,92.0,124.0,69.0,366.0,2021.0,Action,62.0,57.0,31027.0,140.0
"Everything, Everything",R, Doug Liman,81.0, Amazon Studios and Roadside Attractions  ,65.0,118.0,42.0,6547.0,2017.0,Drama,63.0,52.0,42550.0,87.0
Inconceivable,NR, Adam Wingard,101.0, Vertigo Entertainment  ,39.0,13.0,24.0,6101.0,2024.0,Drama,52.0,,10834.0,79.0
Naked,R, Tim Smit,91.0, Filmnation/Saban  ,10.0,8.0,20.0,885.0,2021.0,Comedy,77.0,85.0,44040.0,140.0
Unleashed,NR, Megan Freels Johnston,96.0, Uncork'd Entertainment  ,71.0,8.0,38.0,118.0,1999.0,Action,70.0,58.0,108185.0,254.0
What Happened to Monday,NR, Finn Taylor,96.0, Level 33 Entertainment  ,75.0,35.0,72.0,285.0,2021.0,Action,68.0,47.0,134778.0,493.0
Kong: Skull Island,NR, Bas Devos,82.0, Altered Innocence  ,83.0,377.0,56.0,219.0,2024.0,Action,67.0,62.0,349295.0,815.0
Ghost in the Shell,PG-13, Jordan Vogt-Roberts,118.0, Warner Bros. Pictures/Legendary Pictures  ,75.0,289.0,69.0,54159.0,2004.0,Action,63.0,52.0,228188.0,834.0
The Fate of the Furious,PG-13, Rupert Sanders,106.0, Paramount Pictures  ,44.0,302.0,51.0,40031.0,2023.0,Action,66.0,56.0,254409.0,474.0
Gifted,PG, Aaron Woodley,90.0, Open Road Films  ,14.0,174.0,37.0,902.0,2018.0,Drama,76.0,60.0,130703.0,267.0
Free Fire,NR, Sarah Adina Smith,96.0, Well Go USA Entertainment  ,71.0,229.0,57.0,2005.0,1995.0,Action,63.0,63.0,50810.0,192.0
Unforgettable,PG-13, Terence Davies,126.0, Hurricane Films  ,92.0,117.0,48.0,4611.0,2008.0,Drama,51.0,45.0,16751.0,110.0
The Lost City of Z,NR, Anne Hamilton,97.0, IFC Midnight  ,75.0,237.0,39.0,536.0,2017.0,Adventure,66.0,78.0,99621.0,256.0
The Promise,R, Fabrice Du Welz,102.0, MFTK  ,45.0,158.0,50.0,376.0,1999.0,Action,61.0,49.0,178649.0,763.0
To the Bone,R, Brian Goodman,93.0, Lionsgate Premiere  ,42.0,63.0,40.0,557.0,2016.0,Drama,68.0,64.0,54966.0,88.0
Killing Ground,NR, Jeff Orlowski,91.0, Netflix  ,100.0,66.0,88.0,599.0,1995.0,Horror,58.0,59.0,9356.0,78.0
First Kill,R, Takanori Tsujimoto,115.0, Fathom Events  ,43.0,17.0,47.0,745.0,1973.0,Action,50.0,39.0,12457.0,102.0
Snatched,R, Nacho Vigalondo,110.0, NEON  ,81.0,209.0,59.0,17114.0,1995.0,Action,64.0,,95.0,0.0
Snatched,R, Nacho Vigalondo,110.0, NEON  ,81.0,209.0,59.0,17114.0,2020.0,Action,47.0,45.0,37620.0,298.0
Going in Style,R, J.D. Dillard,90.0, BH Tilt  ,77.0,166.0,52.0,5806.0,2024.0,Comedy,66.0,50.0,91729.0,163.0
Wolves,PG-13, Zach Braff,97.0, Warner Bros. Pictures  ,48.0,27.0,57.0,13125.0,1977.0,Action,53.0,37.0,10462.0,72.0
Smurfs: The Lost Village,NR, Michael Walker (VI) ,98.0, Pango Films  ,67.0,96.0,50.0,19.0,2017.0,Animation,60.0,40.0,24298.0,76.0
Song to Song,PG-13, Gaby Dellal,87.0, The Weinstein Company  ,32.0,127.0,44.0,2702.0,1981.0,Drama,56.0,55.0,22601.0,120.0
Okja,R, Terrence Malick,129.0, Broad Green Pictures  ,43.0,225.0,37.0,6631.0,2012.0,Action,73.0,75.0,132396.0,327.0
CHIPS,R, Craig Johnson,94.0, Fox Searchlight  ,48.0,110.0,30.0,2527.0,2024.0,Action,60.0,28.0,50775.0,204.0
Dirty Dancing,R, Jonathan Wright,100.0, Bunk 11 Pictures  ,42.0,21.0,33.0,370.0,2012.0,Drama,71.0,65.0,257180.0,470.0
T2 Trainspotting,R, Gary Michael Schultz,102.0, Vertical Entertainment  ,41.0,246.0,66.0,251.0,2002.0,Comedy,72.0,67.0,133147.0,260.0
The Zookeeper's Wife,NR, Giuseppe Tornatore,116.0, Paco Cinematografica  ,14.0,177.0,35.0,76.0,2020.0,Biography,70.0,57.0,46777.0,71.0
The Belko Experiment,PG-13, Niki Caro,126.0, Focus Features  ,63.0,104.0,76.0,12736.0,2006.0,Horror,62.0,44.0,58536.0,197.0
The Autopsy of Jane Doe,R, Greg McLean,82.0, BH Tilt  ,53.0,102.0,40.0,9517.0,1964.0,Horror,68.0,65.0,139907.0,461.0
Berlin Syndrome,NR, May 19,79.0, Gravitas Ventures  ,100.0,87.0,68.0,299.0,1983.0,Drama,63.0,70.0,27678.0,99.0
2:22,PG, Simon Aboud,92.0, AMBI Distribution  ,61.0,9.0,73.0,497.0,2017.0,Drama,57.0,,25697.0,141.0
The Lego Batman Movie,PG-13, Eran Creevy,99.0, Open Road Films  ,21.0,306.0,35.0,3909.0,2025.0,Animation,73.0,75.0,172949.0,314.0
Beauty and the Beast,PG, Chris McKay,90.0, Warner Bros. Pictures  ,90.0,368.0,80.0,46349.0,2005.0,Adventure,71.0,65.0,335082.0,943.0
Beauty and the Beast,PG, Chris McKay,90.0, Warner Bros. Pictures  ,90.0,368.0,80.0,46349.0,2005.0,Animation,80.0,95.0,480203.0,400.0
Beauty and the Beast,PG, Chris McKay,90.0, Warner Bros. Pictures  ,90.0,368.0,80.0,46349.0,1999.0,Drama,31.0,,1832.0,18.0
The Shack,R, Gore Verbinski,146.0, 20th Century Fox  ,42.0,72.0,41.0,11489.0,2021.0,Drama,63.0,32.0,39262.0,351.0
Aftermath,R, Martin Zandvliet,110.0, Sony Pictures Classics  ,91.0,53.0,89.0,4945.0,1996.0,Drama,53.0,,18904.0,293.0
Aftermath,R, Martin Zandvliet,110.0, Sony Pictures Classics  ,91.0,53.0,89.0,4945.0,1995.0,Drama,57.0,44.0,26898.0,198.0
John Wick: Chapter 2,R, Vincent Perez,97.0, X-Filme Creative Pool  ,58.0,268.0,49.0,544.0,2021.0,Action,74.0,75.0,512816.0,855.0
xXx: Return of Xander Cage,R, Van Flesher,95.0, Sundance Creative Distribution Initiative  ,50.0,141.0,38.0,95.0,1999.0,Action,52.0,42.0,97343.0,333.0
Resident Evil: The Final Chapter,PG-13, D.J. Caruso,110.0, Paramount Pictures  ,45.0,100.0,37.0,25211.0,2023.0,Action,55.0,49.0,101139.0,349.0
Logan,R, Paul W.S. Anderson,106.0, Sony Pictures  ,37.0,405.0,48.0,59456.0,1997.0,Action,81.0,77.0,833398.0,1181.0
Fifty Shades Darker,R, James Mangold,135.0, 20th Century Fox  ,93.0,196.0,90.0,92432.0,2016.0,Drama,46.0,33.0,111914.0,247.0
War Machine,R, Jacques Audiard,100.0, Sundance Selects  ,87.0,91.0,83.0,4278.0,1969.0,Comedy,60.0,56.0,50136.0,187.0
The Space Between Us,NR, Michael Caton-Jones,114.0, Level 33 Entertainment  ,58.0,134.0,77.0,70.0,,Drama,64.0,33.0,56258.0,214.0
Fist Fight,NR, Roger Spottiswoode,103.0, Cleopatra Entertainment  ,77.0,130.0,76.0,4870.0,2023.0,Comedy,56.0,37.0,45692.0,144.0
The Great Wall,R, Richie Keen,91.0, Warner Bros. Pictures  ,24.0,227.0,40.0,13613.0,2002.0,Action,59.0,42.0,147052.0,445.0
Before I Fall,PG-13, Claude Barras,66.0, Rita Productions  ,99.0,121.0,88.0,6509.0,2020.0,Drama,64.0,58.0,56897.0,195.0
Hounds of Love,PG, Ash Brannon,80.0, Summit Premiere  ,47.0,97.0,47.0,3033.0,1995.0,Crime,65.0,73.0,13473.0,59.0
Get Out,NR, Ben Young,108.0, Gunpowder & Sky  ,88.0,372.0,70.0,2007.0,1997.0,Horror,78.0,85.0,699435.0,1534.0
Rings,NR, Liam Lynch,71.0, Netflix  ,100.0,111.0,49.0,94.0,2017.0,Drama,45.0,25.0,43269.0,187.0
La La Land,NR, Alexander Nevsky,100.0, ITN Distribution  ,13.0,444.0,17.0,48.0,2022.0,Comedy,80.0,94.0,673873.0,1738.0
Gold,PG-13, Damien Chazelle,128.0, Liongate Films  ,91.0,183.0,81.0,70902.0,2005.0,Biography,67.0,49.0,69392.0,97.0
Gold,PG-13, Damien Chazelle,128.0, Liongate Films  ,91.0,183.0,81.0,70902.0,2010.0,Action,54.0,48.0,12548.0,237.0
The Bye Bye Man,PG, Lasse Hallstrom,120.0, Amblin Entertainment  ,35.0,86.0,73.0,23037.0,1995.0,Drama,43.0,37.0,26051.0,248.0
Underworld: Blood Wars,NR, Richard Dewey,85.0, Magnolia Pictures  ,97.0,94.0,93.0,34.0,1954.0,Action,57.0,23.0,81124.0,187.0
The Void,PG-13, Raoul Peck,93.0, Magnolia Pictures  ,99.0,73.0,83.0,14211.0,2017.0,Horror,59.0,62.0,41790.0,331.0
Rupture,NR, Jeremy Gillespie ,90.0, Screen Media Films  ,78.0,34.0,46.0,6091.0,1999.0,Horror,49.0,35.0,7753.0,91.0
Monster Trucks,PG-13, Mark Schmidt,126.0, Liberty Studios  ,45.0,94.0,59.0,1632.0,2023.0,Action,57.0,41.0,18964.0,86.0
The Founder,PG-13, Peter Hutchings,95.0, BCDF Pictures  ,50.0,237.0,47.0,2888.0,1985.0,Biography,72.0,66.0,177963.0,295.0
Sand Castle,PG-13, Youssef Delara,104.0, Ankle Sock & Baseball Pants  ,67.0,17.0,76.0,1584.0,2015.0,Action,63.0,45.0,27410.0,72.0
Sleepless,PG-13, M. Night Shyamalan,116.0, Universal Pictures  ,77.0,61.0,79.0,53321.0,2024.0,Action,56.0,34.0,34256.0,140.0
Lion,NR, Gregori Viens,98.0, Whitewater Films  ,83.0,261.0,63.0,336.0,2019.0,Biography,80.0,69.0,251602.0,513.0
Hidden Figures,PG-13, Garth Davis,120.0, See-Saw Films  ,85.0,310.0,91.0,39664.0,2024.0,Biography,78.0,74.0,255902.0,457.0
Toni Erdmann,PG, Ted Melfi,127.0, 20th Century Fox  ,93.0,231.0,93.0,58319.0,1945.0,Comedy,73.0,93.0,52138.0,124.0
Sandy Wexler,R, Maren Ade,162.0, Sony Pictures Classics  ,93.0,22.0,73.0,6225.0,,Comedy,52.0,40.0,18910.0,122.0
Brimstone,NR, Stephen Apkon,82.0, Reconsider  ,100.0,75.0,64.0,186.0,2022.0,Drama,70.0,45.0,45270.0,286.0
A Monster Calls,PG-13, David Yates (II),132.0, Warner Bros. Pictures  ,74.0,260.0,79.0,87744.0,2020.0,Adventure,74.0,76.0,93957.0,230.0
Evolution,PG-13, Natalie Portman,95.0, Focus World  ,71.0,62.0,50.0,2471.0,1997.0,Comedy,61.0,40.0,136406.0,427.0
Why Him?,NR, Lucile Hadzihalilovic,81.0, Les Films du Worso  ,82.0,153.0,45.0,2489.0,2003.0,Comedy,62.0,39.0,123894.0,214.0
Sing,R, John Hamburg,111.0, 20th Century Fox  ,39.0,181.0,51.0,22287.0,2023.0,Animation,71.0,59.0,191705.0,274.0
Paterson,R, Pedro Almodóvar,96.0, El Deseo  ,84.0,252.0,74.0,4886.0,2023.0,Comedy,73.0,90.0,89108.0,273.0
Office Christmas Party,PG-13, Shamim Sarif,93.0, Enlightenment Productions  ,9.0,182.0,43.0,237.0,2022.0,Comedy,59.0,42.0,88265.0,203.0
The Discovery,R, Peter Berg,130.0, CBS Films  ,80.0,60.0,86.0,25955.0,2014.0,Drama,62.0,54.0,37490.0,108.0
Solace,PG-13, Justin Kurzel,116.0, 20th Century Fox  ,18.0,51.0,43.0,57346.0,1934.0,Crime,64.0,36.0,68993.0,199.0
Passengers,R, Afonso Poyart,102.0, Lionsgate Premiere  ,25.0,274.0,43.0,5076.0,1996.0,Drama,70.0,41.0,448811.0,942.0
Passengers,R, Afonso Poyart,102.0, Lionsgate Premiere  ,25.0,274.0,43.0,5076.0,1998.0,Mystery,58.0,40.0,39304.0,136.0
Jackie,NR, Bentley Dean,104.0, Screen Australia  ,92.0,341.0,77.0,767.0,1995.0,Biography,67.0,81.0,83513.0,291.0
The Eyes of My Mother,R, Pablo Larraín,95.0, Fox Searchlight Pictures  ,87.0,96.0,60.0,28355.0,1929.0,Drama,62.0,63.0,14490.0,88.0
Collateral Beauty,R, Nicolas Pesce,77.0, Magnet Releasing  ,78.0,180.0,57.0,3267.0,1999.0,Drama,68.0,23.0,105092.0,368.0
The Love Witch,NR, Matthew Newton,89.0, No Place for Films  ,92.0,109.0,75.0,129.0,2013.0,Comedy,62.0,82.0,19976.0,149.0
A Kind of Murder,NR, André Téchiné,114.0, Fidélité Films  ,95.0,16.0,74.0,606.0,2016.0,Crime,53.0,50.0,8627.0,49.0
Fences,R, Andy Goddard,95.0, Killer Films  ,38.0,258.0,14.0,492.0,2021.0,Drama,72.0,79.0,118298.0,351.0
Elle,PG-13, Denzel Washington,133.0, Paramount Pictures  ,92.0,235.0,75.0,36174.0,2016.0,Crime,71.0,89.0,71230.0,142.0
New Life,NR, Sunny Luk,114.0, Edko Films  ,56.0,7.0,57.0,508.0,2023.0,Horror,55.0,,1065.0,12.0
Resistance,NR, Gerard McMurray,96.0, Netflix  ,88.0,17.0,62.0,308.0,2019.0,Biography,65.0,53.0,8984.0,99.0
Doctor Strange,NR, Amit Gupta,92.0, Metrodome Distribution  ,65.0,364.0,16.0,379.0,2022.0,Action,75.0,72.0,806624.0,917.0
Moana,PG-13, Scott Derrickson,130.0, Walt Disney Pictures  ,89.0,273.0,86.0,110078.0,2007.0,Animation,76.0,81.0,379322.0,516.0
Moana,PG-13, Scott Derrickson,130.0, Walt Disney Pictures  ,89.0,273.0,86.0,110078.0,2019.0,Adventure,,,,0.0
Shut In,PG, Ron Clements,103.0, Walt Disney Pictures  ,96.0,43.0,89.0,69213.0,2013.0,Drama,57.0,39.0,14270.0,59.0
Shut In,PG, Ron Clements,103.0, Walt Disney Pictures  ,96.0,43.0,89.0,69213.0,2022.0,Drama,48.0,25.0,14943.0,70.0
Shut In,PG, Ron Clements,103.0, Walt Disney Pictures  ,96.0,43.0,89.0,69213.0,2004.0,Thriller,58.0,,10948.0,255.0
Manchester by the Sea,R, Maggie Greenwald,105.0, Monterey Media  ,64.0,339.0,60.0,147.0,2012.0,Drama,78.0,96.0,314558.0,727.0
Allied,NR, Katie Holmes,105.0, Jaro/Noelle Productions  ,42.0,248.0,48.0,228.0,1965.0,Action,71.0,60.0,170073.0,260.0
Moonlight,R, Shawn Crahan,92.0, Blackmrkt  ,33.0,374.0,31.0,171.0,1979.0,Drama,74.0,99.0,332361.0,791.0
American Pastoral,NR, Amy Schumer,57.0, Netflix  ,50.0,118.0,5.0,764.0,1999.0,Crime,61.0,43.0,18074.0,68.0
Trolls,NR, Nadav Lapid,105.0, Corinth Films  ,61.0,161.0,47.0,175.0,2021.0,Animation,64.0,55.0,92194.0,182.0
Billy Lynn's Long Halftime Walk,R, Ben Younger,116.0, Open Road Films  ,69.0,158.0,69.0,8822.0,2024.0,Action,62.0,53.0,24116.0,88.0
Christine,NR, Brian Perkins,104.0, Alive Mind  ,100.0,123.0,70.0,317.0,2004.0,Horror,68.0,57.0,92624.0,271.0
The Edge of Seventeen,R, Antonio Campos,115.0, Borderline Films  ,88.0,207.0,71.0,5488.0,2012.0,Comedy,73.0,77.0,140563.0,281.0
Arrival,R, Darren Lynn Bousman,98.0, Dark Web Productions  ,35.0,417.0,28.0,443.0,2023.0,Drama,79.0,81.0,773713.0,1589.0
Priceless,PG-13, Denis Villeneuve,116.0, 21 Laps Entertainment  ,94.0,5.0,82.0,82903.0,1961.0,Crime,60.0,41.0,4150.0,51.0
In Dubious Battle,R, Jay Oliva,66.0, WARNER BROTHERS PICTURES  ,78.0,23.0,68.0,1065.0,2024.0,Crime,60.0,43.0,4525.0,24.0
Masterminds,PG-13, Ai Weiwei,140.0, Amazon Studios and Participant Media  ,91.0,96.0,81.0,1607.0,1995.0,Biography,58.0,47.0,60033.0,114.0
Inferno,PG-13, Jared Hess,90.0, Relativity Media  ,33.0,247.0,35.0,27402.0,2008.0,Action,62.0,42.0,190026.0,311.0
Inferno,PG-13, Jared Hess,90.0, Relativity Media  ,33.0,247.0,35.0,27402.0,2005.0,Horror,65.0,69.0,24062.0,154.0
The Light Between Oceans,PG-13, Ron Howard,121.0, Sony Pictures  ,23.0,229.0,36.0,28704.0,2022.0,Drama,72.0,60.0,60144.0,139.0
Jack Reacher: Never Go Back,NR, Malik Vitthal,87.0, Netflix  ,92.0,234.0,82.0,625.0,2020.0,Action,61.0,47.0,175648.0,349.0
Loving,NR, Zach Clark,91.0, Wraith Films  ,94.0,283.0,55.0,554.0,2005.0,Biography,70.0,79.0,36407.0,117.0
The Monster,NR, Eve Marson,84.0, Diamond Docs  ,83.0,47.0,48.0,236.0,2004.0,Drama,54.0,69.0,19404.0,170.0
Max Steel,R, Gonzalo López-Gallego,97.0, Vertical Entertainment  ,36.0,21.0,31.0,426.0,1993.0,Action,46.0,22.0,20588.0,94.0
Deepwater Horizon,PG-13, Stewart Hendler,100.0, Open Road Films  ,0.0,253.0,48.0,6823.0,2016.0,Action,71.0,68.0,182920.0,255.0
Ouija: Origin of Evil,PG-13, Greg Mottola,101.0, 20th Century Fox  ,20.0,120.0,37.0,14106.0,1934.0,Drama,62.0,65.0,73272.0,218.0
USS Indianapolis: Men of Courage,R, Leslie Small,96.0, Universal Pictures  ,76.0,12.0,58.0,10363.0,2007.0,Action,53.0,30.0,14360.0,165.0
The Accountant,R, Mario Van Peebles,135.0, Saban Films  ,17.0,278.0,30.0,2213.0,2012.0,Action,73.0,51.0,322676.0,537.0
The Girl on the Train,NR, Jayro Bustamante,91.0, La Casa de Production  ,100.0,298.0,74.0,1217.0,2016.0,Crime,65.0,48.0,199662.0,442.0
The Whole Truth,NR, Stephen Dunn,90.0, Rhombus Media  ,80.0,30.0,72.0,2277.0,2023.0,Crime,62.0,46.0,33104.0,99.0
Denial,PG-13, Courtney Hunt,93.0, PalmStar Media  ,30.0,164.0,32.0,932.0,2020.0,Biography,68.0,63.0,23559.0,84.0
The Birth of a Nation,PG-13, Mick Jackson,110.0, Participant Media  ,82.0,262.0,71.0,9317.0,2014.0,Biography,65.0,69.0,21844.0,110.0
The Birth of a Nation,PG-13, Mick Jackson,110.0, Participant Media  ,82.0,262.0,71.0,9317.0,2021.0,Drama,61.0,,26378.0,387.0
I'm Not Ashamed,NR, Sean Brenden Brosnan,90.0, KnightMarcher  ,64.0,10.0,48.0,148.0,1973.0,Biography,58.0,31.0,4188.0,77.0
The Dressmaker,NR, Robert Greene,85.0, Factory 25  ,91.0,133.0,49.0,154.0,2008.0,Comedy,70.0,47.0,65663.0,170.0
Miss Peregrine's Home for Peculiar Children,R, Jocelyn Moorhouse,118.0, Amazon Studios & Broad Green Pictures  ,56.0,245.0,66.0,9911.0,1991.0,Adventure,67.0,57.0,189002.0,337.0
Ben-Hur,PG-13, Tim Burton,127.0, 20th Century Fox  ,64.0,188.0,60.0,38815.0,2017.0,Adventure,81.0,90.0,254030.0,429.0
Ben-Hur,PG-13, Tim Burton,127.0, 20th Century Fox  ,64.0,188.0,60.0,38815.0,2007.0,Action,57.0,38.0,46906.0,190.0
Suicide Squad,R, D.J. Caruso,100.0, Relativity Studios  ,0.0,370.0,17.0,3412.0,1991.0,Action,59.0,40.0,723050.0,1745.0
The Magnificent Seven,PG-13, David Ayer,123.0, Warner Bros. Pictures  ,27.0,306.0,59.0,145509.0,1997.0,Action,69.0,54.0,228630.0,466.0
The Magnificent Seven,PG-13, David Ayer,123.0, Warner Bros. Pictures  ,27.0,306.0,59.0,145509.0,1999.0,Action,77.0,74.0,102708.0,285.0
Snowden,PG-13, Antoine Fuqua,132.0, Sony Pictures  ,64.0,255.0,72.0,49097.0,2021.0,Biography,73.0,58.0,163231.0,246.0
Storks,PG-13, Jon Cassar,93.0, Sony Pictures  ,13.0,136.0,45.0,6594.0,2002.0,Animation,68.0,56.0,67513.0,118.0
Sully,PG, Nicholas Stoller,87.0, Warner Bros. Pictures  ,66.0,337.0,62.0,24823.0,2025.0,Biography,74.0,74.0,298654.0,421.0
Greater,PG-13, Kent Jones,80.0, Cohen Media Group LLC  ,96.0,15.0,76.0,6101.0,2021.0,Biography,74.0,35.0,8262.0,77.0
31,PG, Steve Carr,92.0, James Patterson Entertainment  ,63.0,45.0,58.0,5352.0,1997.0,Horror,51.0,35.0,23022.0,192.0
American Honey,NR, Jan 25,120.0, Global Star Productions  ,100.0,208.0,51.0,971.0,2009.0,Adventure,70.0,80.0,46543.0,202.0
In a Valley of Violence,PG-13, Hannes Holm,116.0, Tre Vänner Produktion AB  ,90.0,68.0,87.0,9756.0,2023.0,Action,61.0,64.0,20853.0,155.0
Blair Witch,PG-13, James Steven Sadwith,97.0, Red Hat Films  ,70.0,216.0,65.0,348.0,2021.0,Horror,50.0,47.0,49671.0,301.0
Morgan,NR, Paul Schrader,95.0, Ingenious Media  ,50.0,151.0,18.0,711.0,2023.0,Action,58.0,48.0,46164.0,137.0
Pet,NR, Vikram Gandhi,104.0, Netflix  ,80.0,18.0,52.0,863.0,1999.0,Horror,57.0,48.0,18865.0,89.0
Phantasm,R, Sasha Gordon,85.0, Vandewater Media  ,60.0,45.0,42.0,146.0,2022.0,Horror,66.0,72.0,41346.0,310.0
The Secret Life of Pets,R, Don Coscarelli,88.0, Well Go USA Entertainment  ,73.0,228.0,67.0,24605.0,1997.0,Animation,65.0,61.0,217739.0,258.0
Jason Bourne,NR, Oren Shai,88.0, Rocking Films  ,50.0,317.0,50.0,71.0,1999.0,Action,66.0,58.0,242383.0,546.0
Sugar Mountain,PG-13, Paul Greengrass,123.0, Universal  ,54.0,11.0,55.0,56807.0,2011.0,Drama,55.0,,4278.0,51.0
The Hollars,NR, Richard Gray,106.0, Screen Media Films  ,36.0,90.0,35.0,244.0,2024.0,Comedy,66.0,53.0,14539.0,59.0
Bridget Jones's Baby,NR, Laurie Anderson,75.0, Canal Street Communications  ,96.0,207.0,64.0,2687.0,2023.0,Comedy,65.0,59.0,82456.0,116.0
Florence Foster Jenkins,R, Justin Tipping,80.0, Animal Kingdom  ,87.0,224.0,73.0,1981.0,2024.0,Biography,68.0,71.0,59633.0,169.0
Finding Dory,NR, Chantal Akerman,127.0, Shellac Distribution  ,85.0,326.0,43.0,227.0,1954.0,Animation,72.0,77.0,304177.0,358.0
The BFG,NR, Cindy Baer,93.0, Free Dream Pictures  ,100.0,293.0,83.0,44.0,2000.0,Adventure,63.0,66.0,93389.0,228.0
Yoga Hosers,PG, Steven Spielberg,115.0, Walt Disney Pictures  ,75.0,60.0,57.0,37961.0,2024.0,Action,42.0,23.0,15512.0,103.0
Mechanic: Resurrection,PG-13, Kevin Smith,88.0, Invincible Pictures  ,23.0,57.0,34.0,4600.0,2024.0,Action,57.0,38.0,93576.0,204.0
Don't Breathe,R, Dennis Gansel,110.0, Summit Entertainment  ,32.0,227.0,40.0,25603.0,2005.0,Crime,71.0,71.0,301326.0,627.0
Kubo and the Two Strings,R, Fede Alvarez,88.0, Ghost House Pictures  ,88.0,217.0,78.0,40457.0,2012.0,Animation,77.0,84.0,138582.0,235.0
Pete's Dragon,PG, Travis Knight,101.0, Focus Features  ,97.0,238.0,86.0,35384.0,2002.0,Animation,63.0,46.0,26562.0,99.0
Pete's Dragon,PG, Travis Knight,101.0, Focus Features  ,97.0,238.0,86.0,35384.0,2002.0,Action,67.0,71.0,61727.0,149.0
War Dogs,PG, David Lowery,90.0, Walt Disney Pictures  ,88.0,228.0,72.0,37134.0,2012.0,Biography,71.0,57.0,255091.0,235.0
Absolutely Fabulous: The Movie,PG-13, Werner Herzog,98.0, Saville Productions  ,93.0,151.0,67.0,5966.0,2013.0,Comedy,54.0,59.0,13233.0,77.0
Hands of Stone,PG, Vincent Kesteloot,90.0, StudioCanal  ,17.0,106.0,28.0,2982.0,2024.0,Biography,66.0,54.0,17585.0,45.0
Hell or High Water,R, Jonathan Jakubowicz,105.0, Fuego Films  ,44.0,276.0,52.0,5265.0,2016.0,Crime,76.0,88.0,253017.0,423.0
Be My Cat: A Film for Anne,R, Chris McCoy,90.0, Depth of Field  ,33.0,6.0,42.0,399.0,2008.0,Crime,57.0,,2400.0,41.0
Life on the Line,NR, Adrian Tofei,87.0, Terror Films  ,83.0,15.0,62.0,69.0,1999.0,Action,52.0,24.0,6266.0,60.0
Army of One,NR, Alexandre Lehmann,85.0, Duplass Brothers  ,90.0,12.0,77.0,2367.0,1983.0,Action,45.0,,6280.0,169.0
Army of One,NR, Alexandre Lehmann,85.0, Duplass Brothers  ,90.0,12.0,77.0,2367.0,1997.0,Biography,52.0,43.0,8947.0,59.0
Star Trek Beyond,NR, Alan Mak,109.0, Icon  ,57.0,302.0,36.0,931.0,2012.0,Action,70.0,68.0,258808.0,638.0
Sausage Party,PG-13, Justin Lin,120.0, Paramount Pictures  ,86.0,230.0,80.0,74415.0,2017.0,Animation,61.0,66.0,210464.0,447.0
The Sea of Trees,NR, Alex Winter,90.0, EPIX  ,79.0,48.0,71.0,675.0,1973.0,Drama,61.0,23.0,17852.0,116.0
Imperium,PG, Barnet Bain,89.0, BUCK Productions  ,38.0,71.0,70.0,167.0,2019.0,Biography,65.0,68.0,50034.0,113.0
Bad Moms,R, Clay Tweel,110.0, Dear Rivers Production  ,96.0,166.0,90.0,3882.0,2008.0,Comedy,62.0,60.0,134681.0,250.0
Anthropoid,NR, Jeff Wadlow,98.0, Netflix  ,0.0,104.0,43.0,912.0,1989.0,Action,72.0,59.0,54338.0,129.0
I Am the Pretty Thing That Lives in the House,PG, William Dozier,72.0, Warner Bros. Animation  ,94.0,19.0,67.0,476.0,2019.0,Drama,46.0,68.0,15932.0,279.0
Ghostbusters,R, Sidney J. Furie,99.0, Paramount Pictures  ,33.0,378.0,44.0,356.0,2002.0,Action,78.0,71.0,451499.0,603.0
Ghostbusters,R, Sidney J. Furie,99.0, Paramount Pictures  ,33.0,378.0,44.0,356.0,1996.0,Action,68.0,60.0,246861.0,2116.0
Alice Through the Looking Glass,PG-13, Roland Emmerich,119.0, 20th Century Fox  ,29.0,252.0,30.0,75001.0,2001.0,Adventure,62.0,34.0,122561.0,218.0
Ice Age: Collision Course,PG, James Bobin,108.0, Walt Disney Pictures  ,29.0,118.0,48.0,37801.0,2024.0,Animation,57.0,34.0,75053.0,124.0
The Legend of Tarzan,PG, Mike Thurmeier,100.0, 20th Century Fox  ,18.0,246.0,39.0,33013.0,2021.0,Action,62.0,44.0,188877.0,407.0
The Beat Beneath My Feet,PG-13, Renny Harlin,107.0, Saban Films  ,38.0,8.0,27.0,2616.0,1994.0,Comedy,64.0,,1697.0,13.0
Café Society,NR, John Williams,92.0, Level 33 Entertainment  ,50.0,251.0,48.0,142.0,2023.0,Comedy,66.0,64.0,81381.0,166.0
Captain Fantastic,NR, Christopher Guest,120.0, Netflix  ,49.0,222.0,36.0,664.0,2016.0,Comedy,78.0,72.0,235472.0,453.0
Lights Out,R, Matt Ross,119.0, Electric City Entertainment  ,82.0,175.0,85.0,22134.0,2025.0,Action,48.0,,1117.0,12.0
Lights Out,R, Matt Ross,119.0, Electric City Entertainment  ,82.0,175.0,85.0,22134.0,2017.0,Horror,63.0,58.0,142617.0,350.0
Our Kind of Traitor,PG-13, David F. Sandberg,81.0, RatPac-Dune Entertainment  ,76.0,139.0,61.0,27396.0,1983.0,Action,62.0,57.0,23924.0,70.0
Nerve,NR, Kevin Macdonald,76.0, Netflix  ,100.0,136.0,84.0,286.0,2018.0,Action,65.0,58.0,140436.0,243.0
Mr. Church,R, Thomas Dekker,100.0, Yale Productions  ,18.0,33.0,29.0,174.0,2023.0,Comedy,76.0,37.0,31337.0,229.0
Spaceman,NR, Ray Yeung,87.0, NewVoice Production  ,82.0,8.0,50.0,254.0,2022.0,Adventure,57.0,55.0,33226.0,324.0
Warcraft,NR, Jonathan Demme,90.0, Netflix  ,100.0,229.0,78.0,11.0,1965.0,Action,67.0,32.0,279235.0,872.0
Cell,PG-13, Duncan Jones,100.0, Universal Pictures  ,28.0,54.0,76.0,31522.0,2017.0,Action,44.0,38.0,30732.0,245.0
X-Men: Apocalypse,R, Tod Williams,98.0, Saban Films  ,11.0,337.0,17.0,3799.0,1991.0,Action,69.0,52.0,461857.0,602.0
The Infiltrator,PG-13, Mohsen Makhmalbaf,118.0, Corinth Films  ,84.0,179.0,68.0,585.0,2024.0,Biography,70.0,66.0,78954.0,109.0
Mike and Dave Need Wedding Dates,R, Brad Furman,127.0, Broad Green Pictures  ,72.0,168.0,71.0,19046.0,1989.0,Comedy,60.0,51.0,95341.0,149.0
The Purge: Election Year,R, Jake Szymanski,98.0, 20th Century Fox  ,37.0,158.0,51.0,28102.0,2013.0,Action,60.0,55.0,110250.0,203.0
The Siege of Jadotville,R, James DeMonaco,105.0, Universal Pictures  ,56.0,11.0,48.0,38281.0,2022.0,Action,72.0,,44459.0,133.0
Swiss Army Man,PG, Roger Ross Williams,89.0, A&E IndieFilms  ,94.0,204.0,81.0,3771.0,2024.0,Comedy,69.0,64.0,133811.0,367.0
Blood Father,NR, Anthony C. Ferrante,120.0, The Asylum  ,14.0,97.0,24.0,515.0,2012.0,Action,64.0,66.0,67722.0,189.0
Cat People,NR, Anthony Stabley,85.0, Super Grande Films  ,100.0,48.0,79.0,73.0,2018.0,Fantasy,62.0,61.0,23953.0,115.0
The Conjuring 2,R, Jacques Tourneur,73.0, RKO Pictures  ,94.0,247.0,73.0,7769.0,2019.0,Horror,73.0,65.0,301187.0,548.0
Captain America: Civil War,R, James Wan,133.0, Warner Bros. Pictures  ,81.0,406.0,81.0,54340.0,2018.0,Action,78.0,75.0,851745.0,1031.0
Teenage Mutant Ninja Turtles: Out of the Shadows,PG-13, Jessica Yu,93.0, Participant Media  ,40.0,170.0,38.0,68.0,2021.0,Action,59.0,40.0,99939.0,204.0
Central Intelligence,PG-13, Dave Green,97.0, Paramount Pictures  ,37.0,186.0,47.0,53588.0,2024.0,Action,63.0,52.0,213905.0,226.0
Free State of Jones,R, Nicholas Stoller,92.0, Universal Pictures  ,63.0,187.0,44.0,51591.0,2024.0,Action,69.0,53.0,62544.0,168.0
The Neon Demon,R, Gary Ross,139.0, STX Entertainment  ,47.0,253.0,64.0,20788.0,2012.0,Horror,61.0,51.0,104078.0,403.0
Popstar: Never Stop Never Stopping,R, Nicolas Winding Refn,110.0, Space Rocket Nation  ,59.0,168.0,51.0,9024.0,2013.0,Comedy,67.0,68.0,68569.0,147.0
The Shallows,NR, Johanna Schwartz,105.0, Mojo Music  ,100.0,214.0,61.0,184.0,1988.0,Action,63.0,59.0,143611.0,421.0
Goat,NR, Bonni Cohen,95.0, Netflix  ,81.0,75.0,73.0,511.0,2020.0,Horror,,,,0.0
Hunt for the Wilderpeople,R, Andrew Neel,96.0, Killer Films  ,79.0,195.0,44.0,4011.0,2025.0,Adventure,78.0,81.0,142177.0,321.0
The Good Neighbor,R, Sophie Goodhart,90.0, Low Spark Films  ,81.0,14.0,56.0,1672.0,2022.0,Crime,60.0,49.0,13411.0,51.0
Now You See Me 2,NR, Kenji Mizoguchi,115.0, Criterion Collection  ,93.0,191.0,91.0,770.0,1999.0,Action,64.0,46.0,321946.0,329.0
The Jungle Book,NR, Orson Welles,115.0, Internacional Films  ,98.0,320.0,85.0,2452.0,2021.0,Animation,74.0,77.0,292405.0,504.0
The Jungle Book,NR, Orson Welles,115.0, Internacional Films  ,98.0,320.0,85.0,2452.0,2013.0,Animation,76.0,65.0,199009.0,166.0
The Jungle Book,NR, Orson Welles,115.0, Internacional Films  ,98.0,320.0,85.0,2452.0,2015.0,Adventure,60.0,63.0,18965.0,45.0
Me Before You,PG-13, Jon M. Chu,115.0, Lionsgate  ,34.0,174.0,53.0,66978.0,1996.0,Drama,74.0,51.0,288184.0,379.0
Equals,PG-13, Thea Sharrock,110.0, Warner Bros. Pictures  ,56.0,82.0,73.0,30598.0,1995.0,Drama,60.0,43.0,32864.0,166.0
Money Monster,NR, Liz Garbus,102.0, Netflix  ,89.0,274.0,85.0,1743.0,2010.0,Action,65.0,55.0,105413.0,158.0
A Bigger Splash,NR, Jack Pettibone Riccobono,88.0, Sundial Pictures  ,92.0,179.0,53.0,372.0,2021.0,Drama,64.0,74.0,32977.0,87.0
The Ones Below,R, Luca Guadagnino,124.0, StudioCanal  ,90.0,48.0,58.0,8541.0,2025.0,Drama,61.0,63.0,11104.0,43.0
Genius,PG-13, Lorene Scafaria,100.0, Anonymous Content  ,85.0,109.0,56.0,9235.0,2010.0,Biography,65.0,56.0,21400.0,65.0
Love & Friendship,R, Jarret Kerr,101.0, Copperline Creative  ,38.0,205.0,64.0,236.0,1995.0,Comedy,64.0,87.0,26451.0,118.0
Marauders,NR, Billy O'Brien (III) ,104.0, Floodland Pictures  ,93.0,19.0,61.0,4273.0,1993.0,Action,55.0,42.0,23842.0,141.0
The Neighbor,NR, Christopher Louie,120.0, Netflix  ,71.0,6.0,52.0,514.0,2017.0,Romance,48.0,,6116.0,134.0
The Angry Birds Movie,PG, Otto Preminger,112.0, Paramount Pictures  ,22.0,159.0,10.0,139.0,2008.0,Animation,63.0,43.0,104138.0,178.0
A Hologram for the King,NR, Eric Chaney,72.0, Vanished and Gone  ,20.0,146.0,65.0,122.0,2020.0,Comedy,61.0,58.0,47517.0,142.0
Clown,PG, Clay Kaytis,95.0, Sony Pictures  ,43.0,24.0,46.0,29374.0,2017.0,Horror,57.0,42.0,26354.0,121.0
The Nice Guys,R, Jon Watts,99.0," Dimension Films, Anchor Bay Entertainment  ",46.0,305.0,37.0,4803.0,2024.0,Action,74.0,70.0,374758.0,541.0
The Huntsman: Winter's War,PG, Kevin Munroe,94.0, Focus Features  ,21.0,211.0,42.0,9591.0,1999.0,Action,61.0,35.0,119635.0,164.0
Summer Camp,R, Shane Black,116.0, Warner Bros. Pictures  ,92.0,10.0,79.0,55996.0,2023.0,Comedy,,,,0.0
The Man Who Knew Infinity,R, Gabriele Muccino,116.0, Voltage Pictures  ,28.0,128.0,58.0,2377.0,2019.0,Biography,72.0,56.0,62270.0,141.0
Maggie's Plan,R, Terence Davies,135.0, Iris Productions  ,81.0,179.0,50.0,2593.0,1976.0,Comedy,62.0,76.0,18359.0,46.0
Sundown,R, Elyse Steinberg,96.0, Motto Pictures  ,97.0,11.0,83.0,7885.0,1995.0,Drama,65.0,70.0,6764.0,50.0
Amateur Night,R, Steven Caple Jr.,102.0, Low Spark Films  ,68.0,6.0,61.0,534.0,2006.0,Comedy,51.0,38.0,6318.0,27.0
The Bronze,NR, Raman Hui,115.0, Edko Films  ,66.0,99.0,49.0,650.0,2004.0,Comedy,61.0,44.0,13499.0,74.0
Keanu,R, Joachim Trier,105.0, Motlys AS  ,73.0,175.0,52.0,3082.0,2021.0,Action,62.0,63.0,52047.0,122.0
The Lobster,NR, Kelly Nyks,75.0, PF Pictures  ,92.0,254.0,84.0,3225.0,2023.0,Drama,71.0,82.0,297733.0,699.0
Mother's Day,R, Yorgos Lanthimos,118.0, A24 Films  ,88.0,155.0,65.0,34274.0,1996.0,Comedy,56.0,18.0,40002.0,132.0
Mother's Day,R, Yorgos Lanthimos,118.0, A24 Films  ,88.0,155.0,65.0,34274.0,1995.0,Comedy,53.0,1.0,6271.0,109.0
Mother's Day,R, Yorgos Lanthimos,118.0, A24 Films  ,88.0,155.0,65.0,34274.0,2004.0,Drama,62.0,34.0,18408.0,102.0
High-Rise,PG-13, Garry Marshall,119.0, Open Road Films  ,6.0,215.0,44.0,14006.0,2007.0,Drama,55.0,65.0,45224.0,201.0
Viral,PG-13, Wayne Blair,110.0, Millennium Films  ,31.0,14.0,42.0,246.0,2020.0,Drama,55.0,,9753.0,52.0
High Strung,R, Deon Taylor,94.0, Hidden Empire Film Group  ,17.0,8.0,73.0,6874.0,1993.0,Drama,63.0,48.0,10308.0,27.0
The Trust,PG, Michael Damian,97.0, Riviera Films  ,75.0,46.0,64.0,866.0,2014.0,Action,55.0,58.0,20839.0,117.0
Batman: The Killing Joke,NR, Anthony DiBlasi,90.0, Jennifer Hutchinson  ,40.0,40.0,11.0,207.0,1969.0,Animation,64.0,,61612.0,164.0
Criminal,R, James Napier Robertson,124.0, Southern Light Films  ,97.0,134.0,77.0,6028.0,2004.0,Action,63.0,36.0,70763.0,214.0
Everybody Wants Some!!,R, Chuck Russell,92.0, LionsGate Entertainment  ,11.0,234.0,33.0,1425.0,1996.0,Comedy,69.0,85.0,58857.0,157.0
The Boss,R, Richard Linklater,117.0, Paramount Pictures  ,87.0,188.0,68.0,15574.0,2008.0,Comedy,54.0,40.0,48707.0,132.0
Green Room,NR, Chad Gracia,81.0, Rattapallax  ,96.0,235.0,68.0,500.0,2024.0,Crime,70.0,79.0,139533.0,325.0
Demolition,PG-13, Malcolm D. Lee,112.0, Warner Bros. Pictures  ,90.0,204.0,66.0,19802.0,2022.0,Comedy,70.0,49.0,112523.0,184.0
Hardcore Henry,R, Arnaud Desplechin,120.0, Magnolia Pictures  ,89.0,144.0,49.0,1365.0,2018.0,Action,67.0,51.0,102051.0,408.0
Sing Street,NR, Zhangke Jia,131.0, Arte France Cinéma  ,91.0,205.0,67.0,678.0,2004.0,Comedy,79.0,79.0,101119.0,205.0
Whiskey Tango Foxtrot,NR, Joseph Mazzello,100.0, Dead Fish Films  ,25.0,207.0,74.0,323.0,1996.0,Biography,66.0,57.0,56732.0,128.0
Adventures in Babysitting,R, May 13,93.0, Focus World  ,11.0,6.0,32.0,1592.0,2012.0,Adventure,69.0,45.0,49254.0,155.0
Circle,PG, Alê Abreu,81.0, GKIDS  ,93.0,5.0,76.0,2485.0,2024.0,Drama,60.0,,66276.0,251.0
I Saw the Light,NR, Aaron Hann,87.0, Taggart Productions  ,60.0,154.0,42.0,1319.0,2005.0,Biography,58.0,47.0,8274.0,74.0
"Hail, Caesar!",R, Christian Sesma,108.0, Oscar Gold Productions  ,14.0,353.0,69.0,216.0,2007.0,Comedy,63.0,72.0,143290.0,380.0
Careful What You Wish For,R, Francesco Cinquemani,100.0, Ambi Pictures  ,0.0,24.0,14.0,200.0,2024.0,Drama,56.0,32.0,8678.0,31.0
Race,R, Elizabeth Allen,91.0, Hyde Park Entertainment  ,17.0,156.0,61.0,2715.0,2001.0,Biography,71.0,56.0,41019.0,62.0
Triple 9,PG, Byron Howard,108.0, Walt Disney Animation Studios  ,98.0,177.0,92.0,101223.0,1997.0,Action,63.0,52.0,77186.0,181.0
Risen,NR, Owen Harris,103.0, Altitude Film Entertainment  ,23.0,129.0,33.0,1582.0,2023.0,Action,63.0,51.0,30910.0,183.0
Risen,NR, Owen Harris,103.0, Altitude Film Entertainment  ,23.0,129.0,33.0,1582.0,1983.0,Drama,35.0,,3224.0,230.0
Anomalisa,NR, Robert Edwards,97.0, Maybach Film Productions  ,53.0,266.0,30.0,318.0,2024.0,Animation,72.0,88.0,75378.0,175.0
Mr. Right,R, Ian Edelman,100.0, Focus World  ,36.0,52.0,36.0,399.0,2012.0,Action,63.0,52.0,61265.0,272.0
Colonia,NR, Felix Thompson,80.0, Well Go USA  ,94.0,47.0,73.0,826.0,2007.0,Biography,70.0,33.0,57266.0,105.0
The Other Side of the Door,R, Charlie Kaufman,96.0, Starburns Industries  ,92.0,37.0,71.0,19600.0,1981.0,Horror,53.0,41.0,19262.0,79.0
